,artifact_url,star_count,fork_count,language
0,https://github.com/facebook/react,230433,47194,JavaScript
1,https://github.com/vuejs/vue,208167,33674,TypeScript
2,https://github.com/electron/electron,114756,15612,C++
3,https://github.com/axios/axios,105964,10975,JavaScript
4,https://github.com/facebook/create-react-app,102890,26900,JavaScript
5,https://github.com/microsoft/typescript,101478,12550,TypeScript
6,https://github.com/puppeteer/puppeteer,89091,9100,TypeScript
7,https://github.com/fortawesome/font-awesome,74426,12208,JavaScript
8,https://github.com/expressjs/express,65893,16673,JavaScript
9,https://github.com/webpack/webpack,64889,8887,JavaScript
10,https://github.com/lodash/lodash,59961,7063,JavaScript
11,https://github.com/jquery/jquery,59279,20579,JavaScript
12,https://github.com/facebook/docusaurus,57179,8620,TypeScript
13,https://github.com/remix-run/react-router,53490,10364,TypeScript
14,https://github.com/prettier/prettier,49621,4394,JavaScript
15,https://github.com/definitelytyped/definitelytyped,48859,30214,TypeScript
16,https://github.com/vuejs/core,48068,8384,TypeScript
17,https://github.com/ethereum/go-ethereum,47899,20285,Go
18,https://github.com/jestjs/jest,44353,6473,TypeScript
19,https://github.com/pandas-dev/pandas,44031,18075,Python
20,https://github.com/babel/babel,43311,5652,TypeScript
21,https://github.com/yarnpkg/yarn,41461,2731,JavaScript
22,https://github.com/microsoft/monaco-editor,40777,3616,JavaScript
23,https://github.com/evanw/esbuild,38317,1165,Go
24,https://github.com/lerna/lerna,35766,2261,TypeScript
25,https://github.com/gulpjs/gulp,33032,4225,JavaScript
26,https://github.com/immutable-js/immutable-js,32983,1786,TypeScript
27,https://github.com/fastify/fastify,32608,2325,JavaScript
28,https://github.com/swc-project/swc,31369,1238,Rust
29,https://github.com/reactivex/rxjs,30854,3005,TypeScript
30,https://github.com/vercel/swr,30713,1227,TypeScript
31,https://github.com/floating-ui/floating-ui,30308,1617,TypeScript
32,https://github.com/postcss/postcss,28573,1565,TypeScript
33,https://github.com/numpy/numpy,28330,10207,Python
34,https://github.com/caolan/async,28206,2443,JavaScript
35,https://github.com/immerjs/immer,27852,852,JavaScript
36,https://github.com/tokio-rs/tokio,27343,2506,Rust
37,https://github.com/tj/commander.js,26867,1726,JavaScript
38,https://github.com/rollup/rollup,25450,1536,JavaScript
39,https://github.com/eslint/eslint,25232,4576,JavaScript
40,https://github.com/openzeppelin/openzeppelin-contracts,25091,11843,Solidity
41,https://github.com/ai/nanoid,24796,796,JavaScript
42,https://github.com/zloirock/core-js,24653,1660,JavaScript
43,https://github.com/nrwl/nx,23965,2387,TypeScript
44,https://github.com/ethereum/solidity,23551,5828,C++
45,https://github.com/google/flatbuffers,23479,3263,C++
46,https://github.com/mochajs/mocha,22646,3019,JavaScript
47,https://github.com/redux-saga/redux-saga,22532,1974,JavaScript
48,https://github.com/chalk/chalk,22039,897,JavaScript
49,https://github.com/websockets/ws,21837,2443,JavaScript
50,https://github.com/postcss/autoprefixer,21742,1258,JavaScript
51,https://github.com/petkaantonov/bluebird,20448,2334,JavaScript
52,https://github.com/sboudrias/inquirer.js,20382,1303,TypeScript
53,https://github.com/tokio-rs/axum,19592,1077,Rust
54,https://github.com/web3/web3.js,19450,4974,TypeScript
55,https://github.com/motdotla/dotenv,19303,863,JavaScript
56,https://github.com/lit/lit,18939,936,TypeScript
57,https://github.com/facebook/relay,18433,1835,Rust
58,https://github.com/handlebars-lang/handlebars.js,18055,2043,JavaScript
59,https://github.com/mdx-js/mdx,17840,1138,JavaScript
60,https://github.com/emotion-js/emotion,17554,1112,JavaScript
61,https://github.com/radix-ui/primitives,16065,846,TypeScript
62,https://github.com/biomejs/biome,15845,495,Rust
63,https://github.com/typescript-eslint/typescript-eslint,15364,2749,TypeScript
64,https://github.com/microsoft/onnxruntime,14987,2956,C++
65,https://github.com/uuidjs/uuid,14681,907,TypeScript
66,https://github.com/hyperium/hyper,14677,1605,Rust
67,https://github.com/sindresorhus/type-fest,14538,552,TypeScript
68,https://github.com/clap-rs/clap,14466,1055,Rust
69,https://github.com/sindresorhus/got,14348,942,TypeScript
70,https://github.com/formatjs/formatjs,14345,1362,TypeScript
71,https://github.com/shelljs/shelljs,14271,733,JavaScript
72,https://github.com/ajv-validator/ajv,13919,880,TypeScript
73,https://github.com/electron-userland/electron-builder,13751,1749,TypeScript
74,https://github.com/clauderic/dnd-kit,13395,661,TypeScript
75,https://github.com/remarkjs/react-markdown,13354,881,JavaScript
76,https://github.com/vitest-dev/vitest,13249,1205,TypeScript
77,https://github.com/mishoo/uglifyjs,13199,1246,JavaScript
78,https://github.com/browserslist/browserslist,13065,720,JavaScript
79,https://github.com/vercel/vercel,13004,2324,TypeScript
80,https://github.com/typestrong/ts-node,12938,534,TypeScript
81,https://github.com/rust-lang/cargo,12909,2441,Rust
82,https://github.com/diesel-rs/diesel,12878,1087,Rust
83,https://github.com/facebook/watchman,12815,996,C++
84,https://github.com/rayon-rs/rayon,11211,506,Rust
85,https://github.com/debug-js/debug,11174,976,JavaScript
86,https://github.com/yargs/yargs,11125,993,JavaScript
87,https://github.com/paulmillr/chokidar,11084,585,JavaScript
88,https://github.com/gcanti/fp-ts,10909,504,TypeScript
89,https://github.com/dotansimha/graphql-code-generator,10883,1341,TypeScript
90,https://github.com/acornjs/acorn,10670,890,JavaScript
91,https://github.com/microsoft/windows-rs,10608,506,Rust
92,https://github.com/gregberge/svgr,10598,424,TypeScript
93,https://github.com/shikijs/shiki,10486,379,TypeScript
94,https://github.com/quic-go/quic-go,10233,1328,Go
95,https://github.com/hyperium/tonic,10173,1029,Rust
96,https://github.com/nodejs/node-gyp,9996,1800,Python
97,https://github.com/jprichardson/node-fs-extra,9486,1874,JavaScript
98,https://github.com/serde-rs/serde,9244,785,Rust
99,https://github.com/webdriverio/webdriverio,9117,2523,TypeScript
100,https://github.com/node-fetch/node-fetch,8805,1025,JavaScript
101,https://github.com/ljharb/qs,8595,732,JavaScript
102,https://github.com/npm/cli,8553,3214,JavaScript
103,https://github.com/isaacs/node-glob,8528,480,TypeScript
104,https://github.com/remix-run/history,8301,961,JavaScript
105,https://github.com/kpdecker/jsdiff,8246,505,JavaScript
106,https://github.com/pillarjs/path-to-regexp,8232,387,TypeScript
107,https://github.com/chaijs/chai,8157,698,JavaScript
108,https://github.com/google/pprof,8074,612,Go
109,https://github.com/getsentry/sentry-javascript,8039,1595,TypeScript
110,https://github.com/ethers-io/ethers.js,8025,1879,TypeScript
111,https://github.com/conventional-changelog/conventional-changelog,7901,713,TypeScript
112,https://github.com/rustwasm/wasm-bindgen,7890,1082,Rust
113,https://github.com/typestrong/typedoc,7814,709,TypeScript
114,https://github.com/webpack/webpack-dev-server,7804,1444,JavaScript
115,https://github.com/remarkjs/remark,7776,359,JavaScript
116,https://github.com/enquirer/enquirer,7717,285,JavaScript
117,https://github.com/aws/aws-sdk-js,7603,1545,JavaScript
118,https://github.com/crossbeam-rs/crossbeam,7529,473,Rust
119,https://github.com/yarnpkg/berry,7498,1121,TypeScript
120,https://github.com/ipfs/js-ipfs,7443,1249,JavaScript
121,https://github.com/nomicfoundation/hardhat,7379,1434,TypeScript
122,https://github.com/jquery/esprima,7067,786,TypeScript
123,https://github.com/sindresorhus/execa,6914,222,JavaScript
124,https://github.com/mikemcl/bignumber.js,6733,741,JavaScript
125,https://github.com/gcanti/io-ts,6714,328,TypeScript
126,https://github.com/json5/json5,6665,250,JavaScript
127,https://github.com/electron/forge,6530,522,TypeScript
128,https://github.com/tsconfig/bases,6445,241,TypeScript
129,https://github.com/tokio-rs/mio,6425,739,Rust
130,https://github.com/nodejs/undici,6401,559,JavaScript
131,https://github.com/google/gopacket,6376,1138,Go
132,https://github.com/nodeca/js-yaml,6325,775,JavaScript
133,https://github.com/napi-rs/napi-rs,6224,281,Rust
134,https://github.com/unjs/consola,6190,178,TypeScript
135,https://github.com/libp2p/go-libp2p,6133,1086,Go
136,https://github.com/angus-c/just,6075,209,JavaScript
137,https://github.com/expressjs/cors,6071,471,JavaScript
138,https://github.com/microsoft/rushstack,5970,603,TypeScript
139,https://github.com/vuejs/language-tools,5895,411,TypeScript
140,https://github.com/isaacs/rimraf,5683,252,TypeScript
141,https://github.com/nodeca/pako,5627,791,JavaScript
142,https://github.com/istanbuljs/nyc,5621,359,JavaScript
143,https://github.com/import-js/eslint-plugin-import,5588,1567,JavaScript
144,https://github.com/tokio-rs/tracing,5567,731,Rust
145,https://github.com/prettier/eslint-config-prettier,5506,252,JavaScript
146,https://github.com/expressjs/body-parser,5454,727,JavaScript
147,https://github.com/prometheus/client_golang,5450,1189,Go
148,https://github.com/rust-lang/futures-rs,5446,631,Rust
149,https://github.com/lukeed/polka,5432,174,JavaScript
150,https://github.com/google/uuid,5395,372,Go
151,https://github.com/isaacs/node-lru-cache,5391,353,TypeScript
152,https://github.com/open-telemetry/opentelemetry-go,5391,1088,Go
153,https://github.com/ardatan/graphql-tools,5357,818,TypeScript
154,https://github.com/boa-dev/boa,5245,402,Rust
155,https://github.com/marak/colors.js,5175,449,JavaScript
156,https://github.com/vercel/ms,5172,265,TypeScript
157,https://github.com/npm/node-semver,5130,492,JavaScript
158,https://github.com/ethereum/web3.py,5077,1721,Python
159,https://github.com/algolia/autocomplete,5067,332,TypeScript
160,https://github.com/actions/toolkit,5055,1462,TypeScript
161,https://github.com/serde-rs/json,4937,565,Rust
162,https://github.com/vyperlang/vyper,4928,806,Python
163,https://github.com/babel/babel-loader,4831,451,JavaScript
164,https://github.com/cssnano/cssnano,4808,319,CSS
165,https://github.com/microsoft/tsdoc,4761,134,TypeScript
166,https://github.com/bheisler/criterion.rs,4689,315,Rust
167,https://github.com/libp2p/rust-libp2p,4658,977,Rust
168,https://github.com/dtolnay/thiserror,4592,164,Rust
169,https://github.com/rust-lang/rust-bindgen,4529,706,Rust
170,https://github.com/facebook/prop-types,4482,1355,JavaScript
171,https://github.com/hashicorp/golang-lru,4399,502,Go
172,https://github.com/deckarep/golang-set,4282,278,Go
173,https://github.com/google/go-cmp,4251,210,Go
174,https://github.com/unjs/ofetch,4238,128,TypeScript
175,https://github.com/hickory-dns/hickory-dns,4123,471,Rust
176,https://github.com/level/levelup,4085,267,JavaScript
177,https://github.com/paradigmxyz/reth,4061,1269,Rust
178,https://github.com/algolia/docsearch,4040,391,TypeScript
179,https://github.com/prometheus/client_python,4012,801,Python
180,https://github.com/tokio-rs/prost,3994,516,Rust
181,https://github.com/google/btree,3972,421,Go
182,https://github.com/cosmiconfig/cosmiconfig,3969,134,TypeScript
183,https://github.com/plotters-rs/plotters,3935,284,Rust
184,https://github.com/quinn-rs/quinn,3902,400,Rust
185,https://github.com/facebook/regenerator,3834,1160,JavaScript
186,https://github.com/unjs/h3,3770,223,TypeScript
187,https://github.com/webpack/tapable,3754,399,JavaScript
188,https://github.com/fortawesome/react-fontawesome,3691,265,JavaScript
189,https://github.com/inikulin/parse5,3686,236,TypeScript
190,https://github.com/rollup/plugins,3655,592,JavaScript
191,https://github.com/tower-rs/tower,3579,281,Rust
192,https://github.com/rust-lang/regex,3577,445,Rust
193,https://github.com/mozilla/source-map,3575,361,JavaScript
194,https://github.com/fastify/fast-json-stringify,3522,208,JavaScript
195,https://github.com/sindresorhus/p-queue,3502,187,TypeScript
196,https://github.com/prysmaticlabs/prysm,3488,1037,Go
197,https://github.com/mathiasbynens/he,3464,253,JavaScript
198,https://github.com/typestrong/ts-loader,3461,431,TypeScript
199,https://github.com/prettier/eslint-plugin-prettier,3353,187,JavaScript
200,https://github.com/primus/eventemitter3,3352,227,JavaScript
201,https://github.com/isaacs/minimatch,3311,247,JavaScript
202,https://github.com/nodejs/nan,3293,505,C++
203,https://github.com/rusqlite/rusqlite,3273,372,Rust
204,https://github.com/sindresorhus/open,3210,225,JavaScript
205,https://github.com/erigontech/erigon,3165,1150,Go
206,https://github.com/ashtuchkin/iconv-lite,3091,283,JavaScript
207,https://github.com/sigp/lighthouse,2987,776,Rust
208,https://github.com/visionmedia/node-progress,2979,222,JavaScript
209,https://github.com/babel/babel-eslint,2966,208,JavaScript
210,https://github.com/yahoo/serialize-javascript,2832,182,JavaScript
211,https://github.com/micromatch/micromatch,2812,167,JavaScript
212,https://github.com/amanieu/parking_lot,2786,218,Rust
213,https://github.com/open-telemetry/opentelemetry-js,2781,821,TypeScript
214,https://github.com/expressjs/compression,2775,240,JavaScript
215,https://github.com/aws/aws-sdk-go-v2,2704,652,Go
216,https://github.com/jaredwray/keyv,2666,152,TypeScript
217,https://github.com/estools/escodegen,2665,334,JavaScript
218,https://github.com/mozilla/bleach,2660,250,Python
219,https://github.com/wevm/viem,2620,889,TypeScript
220,https://github.com/ethereumjs/ethereumjs-monorepo,2610,765,TypeScript
221,https://github.com/electron/asar,2587,250,TypeScript
222,https://github.com/mrmlnc/fast-glob,2574,113,JavaScript
223,https://github.com/webpack/webpack-cli,2569,605,JavaScript
224,https://github.com/sindresorhus/globby,2542,130,JavaScript
225,https://github.com/gakonst/ethers-rs,2513,794,Rust
226,https://github.com/ethereum/remix-project,2511,983,TypeScript
227,https://github.com/webpack/webpack-dev-middleware,2501,376,JavaScript
228,https://github.com/rust-lang/hashbrown,2493,291,Rust
229,https://github.com/burntsushi/quickcheck,2442,150,Rust
230,https://github.com/rich-harris/magic-string,2406,115,JavaScript
231,https://github.com/libp2p/js-libp2p,2353,447,TypeScript
232,https://github.com/google/cel-go,2331,226,Go
233,https://github.com/unjs/magicast,2317,39,TypeScript
234,https://github.com/form-data/form-data,2293,293,JavaScript
235,https://github.com/blakeembrey/change-case,2293,97,TypeScript
236,https://github.com/eslint/js,2292,196,JavaScript
237,https://github.com/yomguithereal/mnemonist,2287,92,JavaScript
238,https://github.com/ethereum/py-evm,2282,657,Python
239,https://github.com/rust-lang/log,2237,258,Rust
240,https://github.com/broofa/mime,2192,319,TypeScript
241,https://github.com/nodejs/node-addon-api,2192,464,C++
242,https://github.com/tokio-rs/loom,2175,111,Rust
243,https://github.com/evanw/node-source-map-support,2162,224,JavaScript
244,https://github.com/rust-lang/libc,2124,1047,Rust
245,https://github.com/alexei/sprintf.js,2114,290,JavaScript
246,https://github.com/josdejong/workerpool,2106,148,JavaScript
247,https://github.com/azure/azure-sdk-for-js,2099,1209,TypeScript
248,https://github.com/sindresorhus/p-limit,2080,108,JavaScript
249,https://github.com/unjs/webpackbar,2075,66,TypeScript
250,https://github.com/cthackers/adm-zip,2065,374,JavaScript
251,https://github.com/hashicorp/go-retryablehttp,2020,257,Go
252,https://github.com/google/go-querystring,2007,174,Go
253,https://github.com/typestrong/fork-ts-checker-webpack-plugin,1958,244,TypeScript
254,https://github.com/facebook/fbjs,1955,311,JavaScript
255,https://github.com/tokio-rs/bytes,1940,290,Rust
256,https://github.com/unjs/jiti,1936,63,TypeScript
257,https://github.com/epoberezkin/fast-deep-equal,1920,105,JavaScript
258,https://github.com/dominictarr/jsonstream,1918,165,JavaScript
259,https://github.com/rustcrypto/hashes,1908,256,Rust
260,https://github.com/mozilla/hawk,1906,169,JavaScript
261,https://github.com/unjs/unstorage,1906,139,TypeScript
262,https://github.com/rvagg/through2,1902,106,JavaScript
263,https://github.com/safe-global/safe-smart-account,1896,940,TypeScript
264,https://github.com/microsoft/debugpy,1893,142,Python
265,https://github.com/rust-lang/cc-rs,1886,459,Rust
266,https://github.com/rust-phf/rust-phf,1854,119,Rust
267,https://github.com/retep998/winapi-rs,1850,393,Rust
268,https://github.com/cespare/xxhash,1845,125,Go
269,https://github.com/micromark/micromark,1841,65,JavaScript
270,https://github.com/peternator7/strum,1833,152,Rust
271,https://github.com/dividab/tsconfig-paths,1829,104,TypeScript
272,https://github.com/feross/buffer,1814,237,JavaScript
273,https://github.com/dchest/tweetnacl-js,1795,295,JavaScript
274,https://github.com/browserify/watchify,1789,182,JavaScript
275,https://github.com/hughsk/flat,1789,196,JavaScript
276,https://github.com/rustwasm/gloo,1788,147,Rust
277,https://github.com/mathiasbynens/emoji-regex,1773,173,JavaScript
278,https://github.com/jeltef/derive_more,1765,124,Rust
279,https://github.com/indutny/elliptic,1712,399,JavaScript
280,https://github.com/babel/babylon,1710,258,JavaScript
281,https://github.com/rust-random/rand,1690,432,Rust
282,https://github.com/bluealloy/revm,1687,578,Rust
283,https://github.com/sindresorhus/is,1687,113,TypeScript
284,https://github.com/babel/babelify,1681,114,JavaScript
285,https://github.com/lquixada/cross-fetch,1674,105,JavaScript
286,https://github.com/jaredwray/cacheable,1661,171,TypeScript
287,https://github.com/azure/azure-sdk-for-go,1653,848,Go
288,https://github.com/google/zerocopy,1639,105,Rust
289,https://github.com/lukeed/kleur,1631,47,JavaScript
290,https://github.com/mathiasbynens/punycode.js,1609,159,JavaScript
291,https://github.com/jorgebucaran/colorette,1604,51,JavaScript
292,https://github.com/level/level,1577,106,JavaScript
293,https://github.com/eth-infinitism/account-abstraction,1574,664,Solidity
294,https://github.com/sindresorhus/boxen,1551,58,JavaScript
295,https://github.com/coinbase/coinbase-wallet-sdk,1509,579,TypeScript
296,https://github.com/jshttp/http-errors,1506,115,JavaScript
297,https://github.com/sindresorhus/pify,1505,67,JavaScript
298,https://github.com/google/gofuzz,1494,118,Go
299,https://github.com/microsoft/vscode-languageserver-node,1492,327,TypeScript
300,https://github.com/microsoft/node-pty,1487,249,TypeScript
301,https://github.com/walletconnect/walletconnect-monorepo,1475,722,TypeScript
302,https://github.com/ethereum/solc-js,1464,478,TypeScript
303,https://github.com/ricmoo/aes-js,1454,273,JavaScript
304,https://github.com/huggingface/huggingface.js,1442,245,TypeScript
305,https://github.com/chaijs/chai-as-promised,1422,108,JavaScript
306,https://github.com/sfackler/rust-openssl,1419,756,Rust
307,https://github.com/expressjs/serve-static,1400,230,JavaScript
308,https://github.com/unicode-org/icu4x,1392,182,Rust
309,https://github.com/hyperium/h2,1387,282,Rust
310,https://github.com/alexeyraspopov/picocolors,1384,45,JavaScript
311,https://github.com/postcss/postcss-import,1380,115,JavaScript
312,https://github.com/lukeed/dequal,1378,28,JavaScript
313,https://github.com/sindresorhus/p-map,1374,60,JavaScript
314,https://github.com/servo/rust-smallvec,1368,146,Rust
315,https://github.com/jshttp/cookie,1366,160,TypeScript
316,https://github.com/tikv/pprof-rs,1355,108,Rust
317,https://github.com/jshttp/mime-types,1343,129,JavaScript
318,https://github.com/servo/rust-url,1337,333,Rust
319,https://github.com/algolia/algoliasearch-client-javascript,1333,222,TypeScript
320,https://github.com/eemeli/yaml,1321,117,TypeScript
321,https://github.com/omnidan/node-emoji,1319,241,TypeScript
322,https://github.com/yuzujs/setimmediate,1291,106,JavaScript
323,https://github.com/gulpjs/vinyl,1282,105,JavaScript
324,https://github.com/streetsidesoftware/cspell,1279,104,TypeScript
325,https://github.com/isaacs/node-graceful-fs,1275,148,JavaScript
326,https://github.com/microsoft/tslib,1268,131,TypeScript
327,https://github.com/vercel/arg,1245,53,JavaScript
328,https://github.com/tim-kos/node-retry,1234,80,JavaScript
329,https://github.com/zertosh/invariant,1223,70,JavaScript
330,https://github.com/chainsafe/lodestar,1216,306,TypeScript
331,https://github.com/indutny/bn.js,1206,153,JavaScript
332,https://github.com/wighawag/hardhat-deploy,1206,297,TypeScript
333,https://github.com/jprichardson/node-jsonfile,1205,331,JavaScript
334,https://github.com/hyperium/http,1174,299,Rust
335,https://github.com/unjs/destr,1167,16,TypeScript
336,https://github.com/napi-rs/node-rs,1167,34,Rust
337,https://github.com/ensdomains/ens,1161,514,JavaScript
338,https://github.com/nlkitai/nlux,1151,64,TypeScript
339,https://github.com/time-rs/time,1129,283,Rust
340,https://github.com/jshttp/mime-db,1121,261,JavaScript
341,https://github.com/bitcoinjs/bip39,1109,446,JavaScript
342,https://github.com/moxystudio/node-cross-spawn,1103,98,JavaScript
343,https://github.com/tikv/rust-prometheus,1081,188,Rust
344,https://github.com/unjs/defu,1078,23,TypeScript
345,https://github.com/lukeed/sirv,1076,59,JavaScript
346,https://github.com/unjs/untun,1072,17,TypeScript
347,https://github.com/unjs/ufo,1064,44,TypeScript
348,https://github.com/webreflection/flatted,1051,47,JavaScript
349,https://github.com/protofire/solhint,1049,165,JavaScript
350,https://github.com/teddriggs/darling,1045,68,Rust
351,https://github.com/nodejs/readable-stream,1033,229,JavaScript
352,https://github.com/electron/rebuild,1032,175,TypeScript
353,https://github.com/servo/core-foundation-rs,1031,224,Rust
354,https://github.com/unshiftio/url-parse,1030,105,JavaScript
355,https://github.com/istanbuljs/istanbuljs,1019,237,JavaScript
356,https://github.com/dominictarr/rc,1017,97,JavaScript
357,https://github.com/openzeppelin/openzeppelin-contracts-upgradeable,1005,438,JavaScript
358,https://github.com/ethereumjs/ethereumjs-wallet,989,297,TypeScript
359,https://github.com/sc-forks/solidity-coverage,984,269,JavaScript
360,https://github.com/micromatch/picomatch,975,57,JavaScript
361,https://github.com/gulpjs/vinyl-fs,972,155,JavaScript
362,https://github.com/salesforce/tough-cookie,972,210,TypeScript
363,https://github.com/tootallnate/proxy-agents,959,248,TypeScript
364,https://github.com/microsoft/go-winio,957,184,Go
365,https://github.com/fastify/fastify-swagger,956,210,JavaScript
366,https://github.com/estools/estraverse,947,131,JavaScript
367,https://github.com/mcollina/fastq,946,47,JavaScript
368,https://github.com/eslint-community/eslint-plugin-promise,943,91,JavaScript
369,https://github.com/rust-lang/flate2-rs,936,163,Rust
370,https://github.com/webpack/enhanced-resolve,931,190,JavaScript
371,https://github.com/getsentry/sentry-go,931,215,Go
372,https://github.com/microsoft/dtslint,925,86,TypeScript
373,https://github.com/sindresorhus/object-assign,920,82,JavaScript
374,https://github.com/webdriverio/selenium-standalone,911,221,JavaScript
375,https://github.com/gajus/table,910,77,TypeScript
376,https://github.com/dalek-cryptography/curve25519-dalek,910,472,Rust
377,https://github.com/mafintosh/pump,908,59,JavaScript
378,https://github.com/microsoft/vscode-codicons,897,178,Handlebars
379,https://github.com/dcodeio/long.js,891,205,JavaScript
380,https://github.com/sindresorhus/get-port,881,64,JavaScript
381,https://github.com/beatgammit/base64-js,869,388,JavaScript
382,https://github.com/rust-cli/env_logger,858,128,Rust
383,https://github.com/isaacs/node-tar,844,184,JavaScript
384,https://github.com/gulpjs/liftoff,842,51,JavaScript
385,https://github.com/sindresorhus/normalize-url,842,122,JavaScript
386,https://github.com/estools/esquery,836,91,JavaScript
387,https://github.com/unjs/citty,813,27,TypeScript
388,https://github.com/alloy-rs/core,805,161,Rust
389,https://github.com/pillarjs/send,802,192,JavaScript
390,https://github.com/prometheus/procfs,794,321,Go
391,https://github.com/paritytech/jsonrpc,793,273,Rust
392,https://github.com/xtuc/webassemblyjs,792,91,JavaScript
393,https://github.com/rsms/js-lru,789,90,JavaScript
394,https://github.com/ethereumjs/ethereumjs-tx,783,238,TypeScript
395,https://github.com/inspect-js/node-deep-equal,781,109,JavaScript
396,https://github.com/browserify/resolve,778,184,JavaScript
397,https://github.com/npm/ini,776,206,JavaScript
398,https://github.com/level/leveldown,776,177,C++
399,https://github.com/libp2p/go-reuseport,772,108,Go
400,https://github.com/paulmillr/noble-secp256k1,771,116,JavaScript
401,https://github.com/remarkjs/remark-gfm,770,27,JavaScript
402,https://github.com/js-sdsl/js-sdsl,768,61,TypeScript
403,https://github.com/webpack/loader-utils,766,186,JavaScript
404,https://github.com/qix-/color-convert,747,96,JavaScript
405,https://github.com/sindresorhus/log-symbols,746,33,JavaScript
406,https://github.com/raszi/node-tmp,741,93,JavaScript
407,https://github.com/babel/preset-modules,740,18,JavaScript
408,https://github.com/mathiasbynens/jsesc,737,51,JavaScript
409,https://github.com/toml-rs/toml,737,109,Rust
410,https://github.com/vorner/signal-hook,736,73,Rust
411,https://github.com/import-js/eslint-import-resolver-typescript,735,63,TypeScript
412,https://github.com/rust-fuzz/arbitrary,734,77,Rust
413,https://github.com/rustcrypto/aeads,733,154,Rust
414,https://github.com/prettier-solidity/prettier-plugin-solidity,729,74,Solidity
415,https://github.com/zertosh/v8-compile-cache,725,42,JavaScript
416,https://github.com/tower-rs/tower-http,722,165,Rust
417,https://github.com/tokio-rs/slab,718,84,Rust
418,https://github.com/ethereum/js-ethereum-cryptography,713,93,TypeScript
419,https://github.com/paulmillr/noble-curves,708,65,JavaScript
420,https://github.com/jshttp/basic-auth,703,86,JavaScript
421,https://github.com/rustcrypto/elliptic-curves,694,195,Rust
422,https://github.com/rust-lang/socket2,694,231,Rust
423,https://github.com/consensys/teku,690,293,Java
424,https://github.com/rustcrypto/password-hashes,685,83,Rust
425,https://github.com/sindresorhus/camelcase,684,94,JavaScript
426,https://github.com/rustcrypto/block-ciphers,682,131,Rust
427,https://github.com/sindresorhus/quick-lru,680,48,JavaScript
428,https://github.com/jonasbb/serde_with,678,72,Rust
429,https://github.com/alloy-rs/alloy,676,247,Rust
430,https://github.com/dominictarr/through,670,64,JavaScript
431,https://github.com/parcel-bundler/watcher,668,47,C++
432,https://github.com/arkworks-rs/algebra,660,256,Rust
433,https://github.com/paritytech/jsonrpsee,657,173,Rust
434,https://github.com/jhchen/fast-diff,657,45,JavaScript
435,https://github.com/acornjs/acorn-jsx,651,74,JavaScript
436,https://github.com/davidmarkclements/rfdc,650,25,JavaScript
437,https://github.com/suguru03/neo-async,649,36,JavaScript
438,https://github.com/postcss/postcss-load-config,646,73,JavaScript
439,https://github.com/tokio-rs/async-stream,642,33,Rust
440,https://github.com/tunnelvisionlabs/antlr4ts,642,109,TypeScript
441,https://github.com/openzeppelin/openzeppelin-upgrades,631,272,TypeScript
442,https://github.com/istanbuljs/babel-plugin-istanbul,631,76,JavaScript
443,https://github.com/taiki-e/pin-project,617,34,Rust
444,https://github.com/kriskowal/asap,607,46,JavaScript
445,https://github.com/paulmillr/noble-hashes,607,45,JavaScript
446,https://github.com/microsoft/node-jsonc-parser,606,52,TypeScript
447,https://github.com/cgewecke/eth-gas-reporter,603,93,JavaScript
448,https://github.com/dividab/tsconfig-paths-webpack-plugin,602,51,TypeScript
449,https://github.com/sindresorhus/strip-json-comments,600,53,JavaScript
450,https://github.com/hiddentao/fast-levenshtein,599,56,JavaScript
451,https://github.com/sindresorhus/component-emitter,599,116,JavaScript
452,https://github.com/rustcrypto/traits,597,194,Rust
453,https://github.com/microsoft/vscode-textmate,588,116,TypeScript
454,https://github.com/sindresorhus/find-up,585,40,JavaScript
455,https://github.com/sindresorhus/escape-string-regexp,584,54,JavaScript
456,https://github.com/vercel/serve-handler,583,97,JavaScript
457,https://github.com/node-modules/agentkeepalive,581,57,JavaScript
458,https://github.com/metamask/eth-sig-util,579,226,TypeScript
459,https://github.com/whitequark/ipaddr.js,579,92,JavaScript
460,https://github.com/electron/osx-sign,573,97,TypeScript
461,https://github.com/fsevents/fsevents,570,119,C
462,https://github.com/unjs/uqr,563,8,TypeScript
463,https://github.com/rustcrypto/rsa,561,156,Rust
464,https://github.com/mathiasbynens/utf8.js,557,115,JavaScript
465,https://github.com/minimistjs/minimist,556,31,JavaScript
466,https://github.com/browserslist/caniuse-lite,556,77,JavaScript
467,https://github.com/status-im/nimbus-eth2,554,242,Nim
468,https://github.com/follow-redirects/follow-redirects,552,166,JavaScript
469,https://github.com/rust-lang/libm,548,97,Rust
470,https://github.com/level/level-js,544,44,JavaScript
471,https://github.com/rust-lang/backtrace-rs,541,249,Rust
472,https://github.com/kriszyp/lmdb-js,530,44,JavaScript
473,https://github.com/gyscos/zstd-rs,530,113,Rust
474,https://github.com/npm/nopt,529,43,JavaScript
475,https://github.com/lydell/js-tokens,505,33,JavaScript
476,https://github.com/sindresorhus/ansi-escapes,498,44,JavaScript
477,https://github.com/yargs/yargs-parser,496,118,JavaScript
478,https://github.com/prometheus/client_rust,494,84,Rust
479,https://github.com/wevm/abitype,493,48,TypeScript
480,https://github.com/nodeca/argparse,492,74,JavaScript
481,https://github.com/unjs/unenv,486,23,TypeScript
482,https://github.com/sindresorhus/string-width,483,31,JavaScript
483,https://github.com/rust-lang/glob,483,78,Rust
484,https://github.com/supranational/blst,480,181,Assembly
485,https://github.com/rustcrypto/signatures,478,111,Rust
486,https://github.com/unjs/std-env,477,25,TypeScript
487,https://github.com/unjs/mlly,475,35,TypeScript
488,https://github.com/vfile/vfile,475,37,JavaScript
489,https://github.com/sindresorhus/make-dir,475,22,JavaScript
490,https://github.com/getsentry/symbolic,466,77,Rust
491,https://github.com/component/escape-html,465,102,JavaScript
492,https://github.com/visionmedia/bytes.js,462,57,JavaScript
493,https://github.com/unjs/listhen,460,31,TypeScript
494,https://github.com/felixge/node-stack-trace,455,41,JavaScript
495,https://github.com/eslint/doctrine,455,71,JavaScript
496,https://github.com/rustcrypto/utils,453,130,Rust
497,https://github.com/webpack/node-libs-browser,448,79,JavaScript
498,https://github.com/kaelzhang/node-ignore,446,45,JavaScript
499,https://github.com/doowb/ansi-colors,445,31,JavaScript
500,https://github.com/fastify/fastify-static,443,103,JavaScript
501,https://github.com/sindresorhus/p-cancelable,441,22,JavaScript
502,https://github.com/expressjs/serve-index,440,152,JavaScript
503,https://github.com/npm/npmlog,434,54,JavaScript
504,https://github.com/rvagg/bl,431,69,JavaScript
505,https://github.com/unjs/pathe,429,18,TypeScript
506,https://github.com/chalk/ansi-styles,426,73,JavaScript
507,https://github.com/gkz/prelude-ls,425,57,LiveScript
508,https://github.com/fastify/fastify-cors,425,59,JavaScript
509,https://github.com/fastify/avvio,424,40,JavaScript
510,https://github.com/mafintosh/tar-stream,416,94,JavaScript
511,https://github.com/sindresorhus/globals,415,115,JavaScript
512,https://github.com/browserify/detective,414,60,JavaScript
513,https://github.com/cgewecke/hardhat-gas-reporter,413,59,TypeScript
514,https://github.com/troygoode/node-require-directory,412,30,JavaScript
515,https://github.com/rust-lang/rustc-hash,404,47,Rust
516,https://github.com/gulpjs/gulp-cli,403,106,JavaScript
517,https://github.com/chalk/strip-ansi,402,38,JavaScript
518,https://github.com/heineiuo/isomorphic-ws,399,45,JavaScript
519,https://github.com/rich-harris/estree-walker,397,38,JavaScript
520,https://github.com/jshttp/on-finished,394,42,JavaScript
521,https://github.com/lupomontero/psl,392,79,JavaScript
522,https://github.com/micromatch/anymatch,389,39,JavaScript
523,https://github.com/watson/is-ci,387,17,JavaScript
524,https://github.com/paulmillr/readdirp,383,53,JavaScript
525,https://github.com/node-modules/detect-port,383,25,TypeScript
526,https://github.com/feross/run-parallel,382,16,JavaScript
527,https://github.com/stream-utils/raw-body,382,68,JavaScript
528,https://github.com/sindresorhus/env-paths,381,19,JavaScript
529,https://github.com/webpack/watchpack,377,107,JavaScript
530,https://github.com/prometheus/prom2json,377,90,Go
531,https://github.com/hashicorp/go-cleanhttp,377,35,Go
532,https://github.com/jsdom/whatwg-url,375,94,JavaScript
533,https://github.com/mikolalysenko/functional-red-black-tree,375,42,JavaScript
534,https://github.com/fastify/light-my-request,374,49,JavaScript
535,https://github.com/yargs/cliui,371,41,JavaScript
536,https://github.com/browserslist/update-db,371,72,JavaScript
537,https://github.com/tikv/jemallocator,367,65,Rust
538,https://github.com/mathiasbynens/regenerate,366,34,JavaScript
539,https://github.com/sindresorhus/yocto-queue,363,22,JavaScript
540,https://github.com/npm/pacote,360,46,JavaScript
541,https://github.com/creationix/jsonparse,359,63,JavaScript
542,https://github.com/emn178/js-sha3,357,87,JavaScript
543,https://github.com/rust-bitcoin/rust-secp256k1,355,271,C
544,https://github.com/isaacs/inherits,353,86,JavaScript
545,https://github.com/mafintosh/tar-fs,351,76,JavaScript
546,https://github.com/jonschlinkert/kind-of,351,39,JavaScript
547,https://github.com/cryptocoinjs/secp256k1-node,350,122,JavaScript
548,https://github.com/chalk/supports-color,350,85,JavaScript
549,https://github.com/quic-go/webtransport-go,349,56,Go
550,https://github.com/sindresorhus/parse-json,348,35,JavaScript
551,https://github.com/dominictarr/split,347,39,JavaScript
552,https://github.com/electron/get,346,106,TypeScript
553,https://github.com/sheetjs/js-crc32,346,37,Python
554,https://github.com/jergason/recursive-readdir,345,87,JavaScript
555,https://github.com/feross/safe-buffer,344,37,JavaScript
556,https://github.com/sindresorhus/get-stream,342,32,JavaScript
557,https://github.com/servo/rust-fnv,342,28,Rust
558,https://github.com/justmoon/node-extend,341,68,JavaScript
559,https://github.com/babel/babel-polyfills,338,61,TypeScript
560,https://github.com/sindresorhus/clean-stack,337,29,JavaScript
561,https://github.com/aurora-is-near/aurora-engine,334,83,Rust
562,https://github.com/npm/node-which,332,48,JavaScript
563,https://github.com/dalek-cryptography/x25519-dalek,331,133,Rust
564,https://github.com/libp2p/go-libp2p-pubsub,330,187,Go
565,https://github.com/sindresorhus/slash,329,51,JavaScript
566,https://github.com/fb55/entities,328,63,TypeScript
567,https://github.com/watson/ci-info,327,51,JavaScript
568,https://github.com/dougwilson/nodejs-depd,327,39,JavaScript
569,https://github.com/ajafff/tsutils,323,28,TypeScript
570,https://github.com/jshttp/negotiator,323,36,JavaScript
571,https://github.com/ethereum/eth-utils,322,154,Python
572,https://github.com/npm/gauge,321,34,JavaScript
573,https://github.com/indutny/hash.js,319,43,JavaScript
574,https://github.com/visionmedia/batch,319,52,JavaScript
575,https://github.com/jprichardson/node-klaw,317,41,JavaScript
576,https://github.com/cryptocoinjs/base-x,315,75,JavaScript
577,https://github.com/npm/init-package-json,312,151,JavaScript
578,https://github.com/lukeed/mrmime,312,7,TypeScript
579,https://github.com/rust-lang/cmake-rs,312,125,Rust
580,https://github.com/garycourt/uri-js,306,68,JavaScript
581,https://github.com/joshglazebrook/socks,305,35,TypeScript
582,https://github.com/rust-random/getrandom,305,185,Rust
583,https://github.com/raynos/xtend,304,40,JavaScript
584,https://github.com/mysticatea/abort-controller,303,36,TypeScript
585,https://github.com/webpack/loader-runner,302,61,JavaScript
586,https://github.com/npm/validate-npm-package-name,300,45,JavaScript
587,https://github.com/browserify/commonjs-assert,300,59,JavaScript
588,https://github.com/floatdrop/require-from-string,298,31,JavaScript
589,https://github.com/metamask/core,296,193,TypeScript
590,https://github.com/mattiasbuelens/web-streams-polyfill,295,30,TypeScript
591,https://github.com/paritytech/parity-common,291,221,Rust
592,https://github.com/epoberezkin/fast-json-stable-stringify,290,34,JavaScript
593,https://github.com/level/memdown,287,37,JavaScript
594,https://github.com/mcollina/split2,283,24,JavaScript
595,https://github.com/zertosh/loose-envify,283,27,JavaScript
596,https://github.com/sindresorhus/import-fresh,283,24,JavaScript
597,https://github.com/syntax-tree/unist-util-visit,282,20,JavaScript
598,https://github.com/nbubna/case,281,23,JavaScript
599,https://github.com/ehmicky/human-signals,281,10,JavaScript
600,https://github.com/matter-labs/hardhat-zksync,281,227,TypeScript
601,https://github.com/ethereum/eth-account,277,161,Python
602,https://github.com/jshttp/statuses,275,29,JavaScript
603,https://github.com/remarkjs/remark-rehype,275,18,JavaScript
604,https://github.com/multiformats/go-multiaddr,275,111,Go
605,https://github.com/sindresorhus/p-timeout,275,32,JavaScript
606,https://github.com/remarkjs/remark-directive,274,16,JavaScript
607,https://github.com/npm/npm-merge-driver,272,20,JavaScript
608,https://github.com/wooorm/markdown-table,272,24,JavaScript
609,https://github.com/achingbrain/it,271,18,TypeScript
610,https://github.com/sindresorhus/yn,268,20,JavaScript
611,https://github.com/rustcrypto/stream-ciphers,267,50,Rust
612,https://github.com/remarkjs/remark-frontmatter,266,12,JavaScript
613,https://github.com/rustcrypto/macs,265,37,Rust
614,https://github.com/enarx/ciborium,265,64,Rust
615,https://github.com/npm/npm-registry-client,265,108,JavaScript
616,https://github.com/prometheus/common,264,321,Go
617,https://github.com/webpack/webpack-sources,262,71,JavaScript
618,https://github.com/jonschlinkert/is-number,262,49,JavaScript
619,https://github.com/npm/lockfile,260,33,JavaScript
620,https://github.com/unjs/get-port-please,260,14,TypeScript
621,https://github.com/sindresorhus/callsites,260,22,JavaScript
622,https://github.com/paritytech/trie,260,69,Rust
623,https://github.com/paritytech/parity-scale-codec,260,95,Rust
624,https://github.com/gulpjs/interpret,258,48,JavaScript
625,https://github.com/jshttp/etag,258,32,JavaScript
626,https://github.com/jshttp/accepts,255,44,JavaScript
627,https://github.com/polkadot-js/common,254,145,TypeScript
628,https://github.com/rustcrypto/formats,253,134,Rust
629,https://github.com/dalek-cryptography/subtle,253,85,Rust
630,https://github.com/unjs/pkg-types,252,16,TypeScript
631,https://github.com/tokio-rs/tls,252,87,Rust
632,https://github.com/openzeppelin/contracts-wizard,251,138,TypeScript
633,https://github.com/isaacs/minipass,250,24,TypeScript
634,https://github.com/ethereum/eth-abi,249,269,Python
635,https://github.com/webpack/schema-utils,248,40,JavaScript
636,https://github.com/webdriverio/query-selector-shadow-dom,248,26,JavaScript
637,https://github.com/kornelski/http-cache-semantics,247,27,JavaScript
638,https://github.com/sindresorhus/load-json-file,245,47,JavaScript
639,https://github.com/sindresorhus/aggregate-error,245,19,JavaScript
640,https://github.com/kornelski/rust-security-framework,244,92,Rust
641,https://github.com/moxystudio/node-proper-lockfile,241,40,JavaScript
642,https://github.com/szmarczak/http2-wrapper,240,18,JavaScript
643,https://github.com/multiformats/go-multihash,239,57,Go
644,https://github.com/sindresorhus/decamelize,238,25,JavaScript
645,https://github.com/sindresorhus/pkg-dir,237,24,JavaScript
646,https://github.com/sindresorhus/package-json,237,62,JavaScript
647,https://github.com/sindresorhus/to-fast-properties,236,16,JavaScript
648,https://github.com/multiformats/js-multiformats,235,54,TypeScript
649,https://github.com/node-modules/address,235,33,TypeScript
650,https://github.com/nodejs/cjs-module-lexer,235,27,JavaScript
651,https://github.com/npm/write-file-atomic,230,47,JavaScript
652,https://github.com/streetsidesoftware/cspell-dicts,228,214,TeX
653,https://github.com/jshttp/type-is,228,33,JavaScript
654,https://github.com/fastify/secure-json-parse,227,17,JavaScript
655,https://github.com/micromatch/braces,227,64,JavaScript
656,https://github.com/jshttp/content-disposition,225,43,JavaScript
657,https://github.com/npm/read-package-json,224,80,JavaScript
658,https://github.com/petkaantonov/urlparser,223,29,JavaScript
659,https://github.com/isaacs/once,222,29,JavaScript
660,https://github.com/rodrimati1992/const_format_crates,222,10,Rust
661,https://github.com/sindresorhus/is-docker,220,13,JavaScript
662,https://github.com/rusticata/x509-parser,219,69,Rust
663,https://github.com/pillarjs/finalhandler,219,54,JavaScript
664,https://github.com/npm/hosted-git-info,218,86,JavaScript
665,https://github.com/syntax-tree/mdast-util-from-markdown,217,20,JavaScript
666,https://github.com/postcss/postcss-calc,216,33,JavaScript
667,https://github.com/cryptocoinjs/bs58,216,48,JavaScript
668,https://github.com/ethereum/go-verkle,216,67,Go
669,https://github.com/grncdr/merge-stream,213,16,JavaScript
670,https://github.com/bjyoungblood/es6-error,213,34,JavaScript
671,https://github.com/gkz/type-check,211,15,LiveScript
672,https://github.com/browserify/module-deps,209,101,JavaScript
673,https://github.com/isaacs/yallist,208,30,TypeScript
674,https://github.com/npm/fstream,208,43,JavaScript
675,https://github.com/microsoft/vscode-uri,208,29,TypeScript
676,https://github.com/mafintosh/dns-packet,207,71,JavaScript
677,https://github.com/postcss/postcss-selector-parser,206,49,JavaScript
678,https://github.com/fastify/fastify-plugin,204,43,JavaScript
679,https://github.com/unjs/uncrypto,202,9,TypeScript
680,https://github.com/unclechu/node-deep-extend,202,53,JavaScript
681,https://github.com/gulpjs/undertaker,201,31,JavaScript
682,https://github.com/rustcrypto/crypto-bigint,199,56,Rust
683,https://github.com/npm/normalize-package-data,197,48,JavaScript
684,https://github.com/jonschlinkert/word-wrap,197,60,JavaScript
685,https://github.com/sindresorhus/detect-indent,196,27,JavaScript
686,https://github.com/szmarczak/cacheable-lookup,194,29,JavaScript
687,https://github.com/servo/string-cache,194,77,Rust
688,https://github.com/npm/read,193,34,TypeScript
689,https://github.com/tapjs/stack-utils,192,35,JavaScript
690,https://github.com/feross/queue-microtask,192,18,JavaScript
691,https://github.com/szmarczak/http-timer,192,18,TypeScript
692,https://github.com/npm/make-fetch-happen,191,35,JavaScript
693,https://github.com/electron/node-rcedit,191,36,JavaScript
694,https://github.com/ajv-validator/ajv-formats,190,37,TypeScript
695,https://github.com/tapjs/signal-exit,189,22,TypeScript
696,https://github.com/tokio-rs/valuable,189,20,Rust
697,https://github.com/xdg-rs/dirs,188,23,Rust
698,https://github.com/chalk/ansi-regex,188,79,JavaScript
699,https://github.com/sindresorhus/is-wsl,188,8,JavaScript
700,https://github.com/hyperium/hyper-tls,188,96,Rust
701,https://github.com/isaacs/node-mkdirp,187,42,TypeScript
702,https://github.com/pillarjs/parseurl,187,26,JavaScript
703,https://github.com/juliangruber/brace-expansion,186,36,JavaScript
704,https://github.com/indutny/asn1.js,185,64,JavaScript
705,https://github.com/ionicabizau/git-url-parse,183,45,JavaScript
706,https://github.com/hyperium/mime,182,80,Rust
707,https://github.com/aws/smithy-go,182,53,Java
708,https://github.com/metamask/eth-json-rpc-middleware,179,90,TypeScript
709,https://github.com/ia0/data-encoding,179,27,Rust
710,https://github.com/gulpjs/glob-stream,179,51,JavaScript
711,https://github.com/paritytech/libsecp256k1,179,89,Rust
712,https://github.com/grandinetech/grandine,179,30,Rust
713,https://github.com/jshttp/methods,177,32,JavaScript
714,https://github.com/sindresorhus/latest-version,177,22,JavaScript
715,https://github.com/stablelib/stablelib,176,36,TypeScript
716,https://github.com/browserify/static-eval,176,26,JavaScript
717,https://github.com/browserify/path-browserify,176,45,JavaScript
718,https://github.com/npm/are-we-there-yet,175,25,JavaScript
719,https://github.com/medikoo/es5-ext,175,90,JavaScript
720,https://github.com/unshiftio/querystringify,175,21,JavaScript
721,https://github.com/rust-lang/pkg-config-rs,175,79,Rust
722,https://github.com/browserify/browser-pack,174,58,JavaScript
723,https://github.com/recmo/uint,174,44,Rust
724,https://github.com/algolia/algoliasearch-helper-js,174,46,JavaScript
725,https://github.com/eslint/rewrite,172,11,JavaScript
726,https://github.com/thlorenz/convert-source-map,170,57,JavaScript
727,https://github.com/teambition/merge2,170,14,JavaScript
728,https://github.com/unjs/cookie-es,168,10,TypeScript
729,https://github.com/unjs/node-fetch-native,167,5,TypeScript
730,https://github.com/andyperlitch/jsbn,166,41,JavaScript
731,https://github.com/brooooooklyn/snappy,166,10,Rust
732,https://github.com/sindresorhus/read-pkg,166,24,JavaScript
733,https://github.com/hyperium/headers,165,83,Rust
734,https://github.com/syntax-tree/hastscript,165,13,JavaScript
735,https://github.com/ethereum/remix-plugin,164,105,TypeScript
736,https://github.com/npm/abbrev-js,164,31,JavaScript
737,https://github.com/micromatch/to-regex-range,164,19,JavaScript
738,https://github.com/trailofbits/test-fuzz,163,16,Rust
739,https://github.com/gkz/optionator,162,15,LiveScript
740,https://github.com/mcollina/reusify,162,18,JavaScript
741,https://github.com/sindresorhus/onetime,162,14,JavaScript
742,https://github.com/jshttp/fresh,161,29,JavaScript
743,https://github.com/metamask/rpc-errors,161,32,TypeScript
744,https://github.com/solidity-parser/parser,160,44,TypeScript
745,https://github.com/metamask/json-rpc-engine,159,62,TypeScript
746,https://github.com/antonk52/lilconfig,159,10,JavaScript
747,https://github.com/sigstore/sigstore-js,158,23,TypeScript
748,https://github.com/npm/security-holder,157,58,
749,https://github.com/fastify/fastify-bearer-auth,157,29,JavaScript
750,https://github.com/ipfs/go-cid,157,47,Go
751,https://github.com/jshttp/on-headers,154,20,JavaScript
752,https://github.com/mysticatea/regexpp,154,16,TypeScript
753,https://github.com/multiformats/rust-multihash,153,59,Rust
754,https://github.com/sindresorhus/find-cache-dir,153,24,JavaScript
755,https://github.com/lukeed/totalist,152,5,JavaScript
756,https://github.com/jonschlinkert/is-plain-object,151,30,HTML
757,https://github.com/lukeed/escalade,150,8,JavaScript
758,https://github.com/fastify/fastify-swagger-ui,150,42,JavaScript
759,https://github.com/sindresorhus/path-exists,150,18,JavaScript
760,https://github.com/sindresorhus/merge-descriptors,149,26,JavaScript
761,https://github.com/mafintosh/end-of-stream,148,28,JavaScript
762,https://github.com/rust-lang/ena,147,35,Rust
763,https://github.com/yargs/y18n,146,48,JavaScript
764,https://github.com/flmnt/graphemer,146,11,TypeScript
765,https://github.com/level/abstract-leveldown,146,53,JavaScript
766,https://github.com/calvinmetcalf/immediate,146,16,JavaScript
767,https://github.com/websockets/bufferutil,144,43,C
768,https://github.com/mathisonian/command-exists,144,22,JavaScript
769,https://github.com/kilian/electron-to-chromium,143,27,JavaScript
770,https://github.com/inspect-js/object-inspect,143,36,JavaScript
771,https://github.com/ricmoo/scrypt-js,142,26,JavaScript
772,https://github.com/felixge/node-combined-stream,142,33,JavaScript
773,https://github.com/sindresorhus/resolve-from,140,13,JavaScript
774,https://github.com/raynos/function-bind,139,27,JavaScript
775,https://github.com/electron/notarize,138,33,TypeScript
776,https://github.com/npm/osenv,137,20,JavaScript
777,https://github.com/npm/npm-registry-fetch,136,41,JavaScript
778,https://github.com/gulpjs/bach,135,21,JavaScript
779,https://github.com/jshttp/proxy-addr,133,25,JavaScript
780,https://github.com/jshttp/content-type,132,27,JavaScript
781,https://github.com/juliangruber/isarray,132,41,JavaScript
782,https://github.com/metamask/eth-block-tracker,131,82,TypeScript
783,https://github.com/sindresorhus/arrify,131,28,TypeScript
784,https://github.com/level/abstract-level,130,8,JavaScript
785,https://github.com/polkadot-js/wasm,130,37,TypeScript
786,https://github.com/chaijs/type-detect,129,30,JavaScript
787,https://github.com/paulmillr/scure-bip39,127,30,TypeScript
788,https://github.com/hyperium/http-body,126,52,Rust
789,https://github.com/npm/npm-package-arg,125,37,JavaScript
790,https://github.com/mysticatea/event-target-shim,125,26,TypeScript
791,https://github.com/juliangruber/balanced-match,125,40,JavaScript
792,https://github.com/ethereum/c-kzg-4844,125,119,C
793,https://github.com/hyperium/hyper-util,124,108,Rust
794,https://github.com/simonepri/pidtree,124,13,JavaScript
795,https://github.com/eslint/eslintrc,123,43,JavaScript
796,https://github.com/ethereumjs/ethereumjs-blockchain,122,63,TypeScript
797,https://github.com/rust-cli/anstyle,122,21,Rust
798,https://github.com/pkgjs/parseargs,122,10,JavaScript
799,https://github.com/gulpjs/fancy-log,121,21,JavaScript
800,https://github.com/paulmillr/scure-base,121,13,JavaScript
801,https://github.com/feross/ieee754,121,38,JavaScript
802,https://github.com/chalk/wrap-ansi,120,25,JavaScript
803,https://github.com/estools/esutils,120,31,CoffeeScript
804,https://github.com/microsoft/vscode-ripgrep,119,48,JavaScript
805,https://github.com/colorjs/color-name,119,30,JavaScript
806,https://github.com/multiformats/js-multihash,119,57,JavaScript
807,https://github.com/rust-lang/libz-sys,119,77,Rust
808,https://github.com/websockets/utf-8-validate,118,36,JavaScript
809,https://github.com/microsoft/vscode-oniguruma,117,15,TypeScript
810,https://github.com/floatdrop/pinkie-promise,117,17,JavaScript
811,https://github.com/istanbuljs/v8-to-istanbul,116,40,JavaScript
812,https://github.com/hashicorp/go-bexpr,116,14,Go
813,https://github.com/ljharb/es-abstract,115,30,JavaScript
814,https://github.com/electron/universal,115,43,TypeScript
815,https://github.com/walletconnect/walletconnect-utils,115,79,TypeScript
816,https://github.com/sindresorhus/indent-string,112,17,JavaScript
817,https://github.com/ampproject/remapping,112,25,TypeScript
818,https://github.com/prebuild/node-gyp-build,111,39,JavaScript
819,https://github.com/sindresorhus/is-stream,111,20,JavaScript
820,https://github.com/sindresorhus/strip-bom,111,21,JavaScript
821,https://github.com/fusion-engineering/rust-git-version,111,16,Rust
822,https://github.com/npm/npm-packlist,110,33,JavaScript
823,https://github.com/fastify/fastify-error,110,20,JavaScript
824,https://github.com/ryanzim/universalify,110,14,JavaScript
825,https://github.com/multiformats/js-multiaddr,109,64,TypeScript
826,https://github.com/jsdom/cssstyle,109,70,JavaScript
827,https://github.com/litejs/natural-compare-lite,109,8,JavaScript
828,https://github.com/npm/promzard,108,22,JavaScript
829,https://github.com/chaijs/deep-eql,108,39,JavaScript
830,https://github.com/typestrong/tsconfig,108,21,TypeScript
831,https://github.com/ljharb/object.assign,107,22,JavaScript
832,https://github.com/bitcoinjs/bech32,107,46,TypeScript
833,https://github.com/errwischt/stacktrace-parser,107,13,JavaScript
834,https://github.com/jonschlinkert/normalize-path,107,11,JavaScript
835,https://github.com/webreflection/html-escaper,107,6,JavaScript
836,https://github.com/ethereum/eth-hash,105,64,Python
837,https://github.com/sindresorhus/cli-cursor,105,6,JavaScript
838,https://github.com/jonschlinkert/isobject,105,19,JavaScript
839,https://github.com/alloy-rs/trie,105,34,Rust
840,https://github.com/jsdom/js-symbol-tree,104,20,JavaScript
841,https://github.com/prebuild/prebuild-install,104,75,JavaScript
842,https://github.com/jridgewell/trace-mapping,104,8,TypeScript
843,https://github.com/syntax-tree/mdast-util-to-hast,104,43,JavaScript
844,https://github.com/sindresorhus/npm-run-path,104,12,JavaScript
845,https://github.com/isaacs/core-util-is,103,24,JavaScript
846,https://github.com/browserify/stream-browserify,103,42,JavaScript
847,https://github.com/sindresorhus/is-plain-obj,103,7,JavaScript
848,https://github.com/joshglazebrook/smart-buffer,103,19,TypeScript
849,https://github.com/browserify/browser-resolve,102,70,JavaScript
850,https://github.com/syntax-tree/mdast-util-to-markdown,102,21,JavaScript
851,https://github.com/vercel/webpack-asset-relocator-loader,101,33,JavaScript
852,https://github.com/erigontech/interfaces,101,58,Go
853,https://github.com/epoberezkin/json-schema-traverse,100,18,JavaScript
854,https://github.com/jshttp/compressible,98,11,JavaScript
855,https://github.com/gulpjs/findup-sync,97,28,JavaScript
856,https://github.com/multiformats/js-cid,97,39,JavaScript
857,https://github.com/7rulnik/source-map-js,96,14,JavaScript
858,https://github.com/micromatch/nanomatch,96,20,JavaScript
859,https://github.com/sindresorhus/cli-boxes,96,8,TypeScript
860,https://github.com/jensyt/imurmurhash-js,95,7,JavaScript
861,https://github.com/safe-global/safe-singleton-factory,94,93,TypeScript
862,https://github.com/rust-bitcoin/rust-bech32,94,51,Rust
863,https://github.com/sindresorhus/has-flag,94,17,JavaScript
864,https://github.com/jsdom/abab,93,19,
865,https://github.com/andris9/encoding,93,44,JavaScript
866,https://github.com/chalk/chalk-template,93,12,JavaScript
867,https://github.com/syntax-tree/hast-util-to-html,93,19,JavaScript
868,https://github.com/openzeppelin/solidity-ast,93,28,JavaScript
869,https://github.com/fent/ret.js,92,16,JavaScript
870,https://github.com/feross/is-buffer,92,29,JavaScript
871,https://github.com/jshttp/range-parser,92,16,JavaScript
872,https://github.com/bitcoinjs/bs58check,92,50,JavaScript
873,https://github.com/micromatch/is-glob,91,9,JavaScript
874,https://github.com/fastify/fast-uri,90,8,JavaScript
875,https://github.com/multiformats/rust-multiaddr,90,47,Rust
876,https://github.com/alloy-rs/rlp,90,18,Rust
877,https://github.com/paritytech/soketto,90,24,Rust
878,https://github.com/benjamn/wryware,88,15,TypeScript
879,https://github.com/fastify/busboy,88,18,JavaScript
880,https://github.com/komagata/eastasianwidth,88,11,JavaScript
881,https://github.com/cryptocoinjs/keccak,87,24,C
882,https://github.com/joshstevens19/ethereum-bloom-filters,87,8,TypeScript
883,https://github.com/blakeembrey/array-flatten,86,19,JavaScript
884,https://github.com/gkz/levn,85,7,LiveScript
885,https://github.com/rusticata/der-parser,85,28,Rust
886,https://github.com/jsbizon/node-memorystream,84,13,JavaScript
887,https://github.com/sindresorhus/is-unicode-supported,83,9,JavaScript
888,https://github.com/jsdom/whatwg-mimetype,82,18,JavaScript
889,https://github.com/sindresorhus/xdg-basedir,82,10,JavaScript
890,https://github.com/gulpjs/glob-parent,80,46,JavaScript
891,https://github.com/gulpjs/glob-watcher,80,58,JavaScript
892,https://github.com/sindresorhus/binary-extensions,80,22,JavaScript
893,https://github.com/estools/esrecurse,79,20,JavaScript
894,https://github.com/jviereck/regjsparser,79,20,JavaScript
895,https://github.com/servo/unicode-bidi,78,34,Rust
896,https://github.com/libp2p/go-buffer-pool,78,16,Go
897,https://github.com/sindresorhus/parent-module,77,8,JavaScript
898,https://github.com/npm/cmd-shim,76,40,JavaScript
899,https://github.com/feross/run-parallel-limit,76,7,JavaScript
900,https://github.com/sindresorhus/path-type,76,14,JavaScript
901,https://github.com/sindresorhus/array-union,75,15,TypeScript
902,https://github.com/rust-cli/termtree,74,6,Rust
903,https://github.com/mysticatea/eslint-utils,74,40,JavaScript
904,https://github.com/sindresorhus/p-locate,74,8,JavaScript
905,https://github.com/theupdateframework/tuf-js,74,5,TypeScript
906,https://github.com/prometheus/client_model,74,73,Makefile
907,https://github.com/isaacs/minizlib,73,9,JavaScript
908,https://github.com/loganfsmyth/gensync,73,12,JavaScript
909,https://github.com/mathiasbynens/regexpu-core,73,12,JavaScript
910,https://github.com/jsdom/data-urls,72,16,JavaScript
911,https://github.com/es-shims/object.values,72,8,JavaScript
912,https://github.com/sindresorhus/decompress-response,72,13,JavaScript
913,https://github.com/paritytech/scale-info,72,30,Rust
914,https://github.com/mozilla/lmdb-rs,71,38,Rust
915,https://github.com/npm/package-json,70,10,JavaScript
916,https://github.com/gulpjs/async-done,70,21,JavaScript
917,https://github.com/nodelib/nodelib,70,10,TypeScript
918,https://github.com/sindresorhus/array-uniq,70,16,JavaScript
919,https://github.com/jscommunity/make-error,69,14,JavaScript
920,https://github.com/ipld/js-ipld-dag-pb,69,20,JavaScript
921,https://github.com/jaredhanson/utils-merge,69,18,JavaScript
922,https://github.com/adraffy/ens-normalize.js,68,17,JavaScript
923,https://github.com/rustcrypto/kdfs,67,28,Rust
924,https://github.com/paulmillr/scure-bip32,67,9,TypeScript
925,https://github.com/syntax-tree/unist-util-visit-parents,67,7,JavaScript
926,https://github.com/erigontech/mdbx-go,67,21,C
927,https://github.com/rustcrypto/block-modes,66,13,Rust
928,https://github.com/qix-/node-error-ex,66,14,CoffeeScript
929,https://github.com/feross/typedarray-to-buffer,66,16,JavaScript
930,https://github.com/electerious/nice-try,66,7,JavaScript
931,https://github.com/npm/git,65,16,JavaScript
932,https://github.com/mafintosh/napi-macros,65,7,C
933,https://github.com/vfile/to-vfile,64,6,JavaScript
934,https://github.com/level/classic-level,63,13,JavaScript
935,https://github.com/sindresorhus/define-lazy-prop,63,5,JavaScript
936,https://github.com/swc-project/pkgs,62,20,TypeScript
937,https://github.com/paritytech/nohash-hasher,62,27,Rust
938,https://github.com/solana-labs/eslint-plugin-require-extensions,62,9,JavaScript
939,https://github.com/jshttp/vary,61,9,JavaScript
940,https://github.com/node-fetch/fetch-blob,61,29,JavaScript
941,https://github.com/dchest/tweetnacl-util-js,61,21,JavaScript
942,https://github.com/ipfs/go-log,60,49,Go
943,https://github.com/tarruda/has,60,13,JavaScript
944,https://github.com/ethersphere/bee-js,60,28,TypeScript
945,https://github.com/herumi/mcl-wasm,59,18,TypeScript
946,https://github.com/sindresorhus/mimic-response,59,13,JavaScript
947,https://github.com/alloy-rs/chains,59,66,Rust
948,https://github.com/npm/ignore-walk,58,9,JavaScript
949,https://github.com/mccormicka/string-argv,58,10,JavaScript
950,https://github.com/sindresorhus/locate-path,58,15,JavaScript
951,https://github.com/sindresorhus/p-try,58,12,JavaScript
952,https://github.com/es-shims/object.entries,57,9,JavaScript
953,https://github.com/ionicabizau/parse-url,57,37,JavaScript
954,https://github.com/jbgutierrez/path-parse,57,37,JavaScript
955,https://github.com/ethereumjs/ethashjs,57,22,JavaScript
956,https://github.com/npm/ssri,56,21,JavaScript
957,https://github.com/ethjs/ethjs-util,56,30,JavaScript
958,https://github.com/gulpjs/v8flags,56,26,JavaScript
959,https://github.com/gulpjs/gulplog,56,10,JavaScript
960,https://github.com/jshttp/forwarded,56,16,JavaScript
961,https://github.com/felixge/node-delayed-stream,56,16,JavaScript
962,https://github.com/syntax-tree/hast-util-to-jsx-runtime,56,3,JavaScript
963,https://github.com/stream-utils/destroy,56,9,JavaScript
964,https://github.com/azure/ms-rest-js,55,55,TypeScript
965,https://github.com/jshttp/media-typer,55,11,JavaScript
966,https://github.com/browserify/stream-splicer,55,12,JavaScript
967,https://github.com/jonschlinkert/fill-range,55,15,JavaScript
968,https://github.com/yomguithereal/obliterator,55,4,JavaScript
969,https://github.com/libp2p/go-netroute,55,21,Go
970,https://github.com/npm/minipass-fetch,54,11,JavaScript
971,https://github.com/npm/run-script,54,23,JavaScript
972,https://github.com/wesleytodd/setprototypeof,54,12,JavaScript
973,https://github.com/jonathanong/ee-first,54,10,JavaScript
974,https://github.com/npm/mute-stream,53,21,JavaScript
975,https://github.com/metamask/eth-json-rpc-infura,53,54,TypeScript
976,https://github.com/ipld/js-ipld-dag-cbor,53,26,JavaScript
977,https://github.com/sindresorhus/registry-url,53,15,JavaScript
978,https://github.com/rob--w/proxy-from-env,52,18,JavaScript
979,https://github.com/wooorm/trim-lines,51,2,JavaScript
980,https://github.com/jonschlinkert/repeat-string,50,17,JavaScript
981,https://github.com/sfackler/foreign-types,50,8,Rust
982,https://github.com/npm/fs-write-stream-atomic,49,16,JavaScript
983,https://github.com/ferrilab/ferrilab,49,7,Rust
984,https://github.com/inspect-js/is-generator-function,49,11,JavaScript
985,https://github.com/sindresorhus/is-fullwidth-code-point,49,12,JavaScript
986,https://github.com/alloy-rs/op-alloy,49,39,Rust
987,https://github.com/wevm/isows,48,5,TypeScript
988,https://github.com/isaacs/jackspeak,48,4,TypeScript
989,https://github.com/isaacs/isexe,48,17,TypeScript
990,https://github.com/level/browser-level,48,6,JavaScript
991,https://github.com/gulpjs/rechoir,48,12,JavaScript
992,https://github.com/jonschlinkert/is-windows,48,13,JavaScript
993,https://github.com/npm/read-package-json-fast,47,6,JavaScript
994,https://github.com/chalk/slice-ansi,47,21,JavaScript
995,https://github.com/multiformats/rust-multibase,46,20,Rust
996,https://github.com/gulpjs/replace-ext,46,8,JavaScript
997,https://github.com/sindresorhus/shebang-regex,46,8,JavaScript
998,https://github.com/rollup/rollup-pluginutils,45,17,TypeScript
999,https://github.com/ethereumjs/ethereumjs-account,45,36,TypeScript
1000,https://github.com/chalk/has-ansi,45,6,JavaScript
1001,https://github.com/ljharb/object-keys,45,17,JavaScript
1002,https://github.com/cryptocoinjs/scryptsy,45,22,JavaScript
1003,https://github.com/kevva/dir-glob,44,10,JavaScript
1004,https://github.com/sindresorhus/path-key,44,10,JavaScript
1005,https://github.com/sindresorhus/is-binary-path,44,10,JavaScript
1006,https://github.com/npm/unique-filename,43,8,JavaScript
1007,https://github.com/es-shims/array-includes,43,12,JavaScript
1008,https://github.com/jslicense/spdx-expression-parse.js,43,23,JavaScript
1009,https://github.com/paulmillr/micro-ftch,43,0,JavaScript
1010,https://github.com/browserify/labeled-stream-splicer,43,7,JavaScript
1011,https://github.com/sindresorhus/path-is-absolute,43,11,JavaScript
1012,https://github.com/ethereumjs/ethereumjs-block,43,49,TypeScript
1013,https://github.com/npm/read-package-tree,42,15,JavaScript
1014,https://github.com/chaijs/pathval,42,15,JavaScript
1015,https://github.com/rustcrypto/sponges,41,13,Rust
1016,https://github.com/rust-random/rngs,41,27,Rust
1017,https://github.com/level/encoding-down,41,8,JavaScript
1018,https://github.com/inspect-js/is-callable,41,12,JavaScript
1019,https://github.com/dominictarr/json-buffer,41,11,JavaScript
1020,https://github.com/multiformats/go-multistream,41,27,Go
1021,https://github.com/strawlab/iana-time-zone,40,15,Rust
1022,https://github.com/tapjs/foreground-child,40,20,TypeScript
1023,https://github.com/sindresorhus/lowercase-keys,40,12,JavaScript
1024,https://github.com/wooorm/property-information,39,11,JavaScript
1025,https://github.com/webpack/source-list-map,39,18,JavaScript
1026,https://github.com/syntax-tree/mdast-util-to-string,39,9,JavaScript
1027,https://github.com/kumavis/browser-stdout,38,7,JavaScript
1028,https://github.com/libp2p/go-mplex,38,21,Go
1029,https://github.com/syntax-tree/unist-util-is,38,8,JavaScript
1030,https://github.com/syntax-tree/hast-util-select,38,1,JavaScript
1031,https://github.com/tootallnate/util-deprecate,38,15,JavaScript
1032,https://github.com/erigontech/erigon-snapshot,38,22,Go
1033,https://github.com/mullvad/system-configuration-rs,37,20,Rust
1034,https://github.com/isaacs/path-scurry,37,5,TypeScript
1035,https://github.com/yargs/set-blocking,37,11,JavaScript
1036,https://github.com/stefanpenner/get-caller-file,37,11,TypeScript
1037,https://github.com/fastify/process-warning,37,9,JavaScript
1038,https://github.com/juanelas/bigint-crypto-utils,37,3,JavaScript
1039,https://github.com/sindresorhus/widest-line,37,5,JavaScript
1040,https://github.com/sindresorhus/is-path-inside,37,13,JavaScript
1041,https://github.com/arkworks-rs/std,37,35,Rust
1042,https://github.com/istanbuljs/spawn-wrap,36,18,JavaScript
1043,https://github.com/pillarjs/encodeurl,36,15,JavaScript
1044,https://github.com/chicoxyzzy/node-releases,36,11,JavaScript
1045,https://github.com/sindresorhus/restore-cursor,36,8,JavaScript
1046,https://github.com/sindresorhus/responselike,36,6,JavaScript
1047,https://github.com/jslicense/spdx-license-ids,35,19,JavaScript
1048,https://github.com/multiformats/go-multicodec,35,16,Go
1049,https://github.com/rexxars/registry-auth-token,35,16,JavaScript
1050,https://github.com/sindresorhus/strip-final-newline,35,10,JavaScript
1051,https://github.com/jonschlinkert/global-modules,35,7,JavaScript
1052,https://github.com/npm/npm-profile,34,18,JavaScript
1053,https://github.com/ipfs/protons,34,23,TypeScript
1054,https://github.com/nodejs/string_decoder,34,20,JavaScript
1055,https://github.com/kevva/astral-regex,34,1,JavaScript
1056,https://github.com/browserify/console-browserify,34,21,JavaScript
1057,https://github.com/sindresorhus/os-tmpdir,34,5,JavaScript
1058,https://github.com/npm/npm-audit-report,33,19,JavaScript
1059,https://github.com/npm/unique-slug,33,10,JavaScript
1060,https://github.com/jsdom/tr46,33,20,JavaScript
1061,https://github.com/nodejs/node-api-headers,33,13,C
1062,https://github.com/bnjmnt4n/regjsgen,33,13,JavaScript
1063,https://github.com/es-shims/object.fromentries,33,5,JavaScript
1064,https://github.com/jonschlinkert/extend-shallow,33,12,JavaScript
1065,https://github.com/crate-crypto/go-ipa,33,14,Go
1066,https://github.com/npm/parse-conflict-json,32,4,JavaScript
1067,https://github.com/es-shims/array.prototype.flat,32,8,JavaScript
1068,https://github.com/es-shims/array.prototype.flatmap,32,6,JavaScript
1069,https://github.com/micromatch/extglob,32,11,JavaScript
1070,https://github.com/multiformats/go-multibase,32,17,Go
1071,https://github.com/jslicense/spdx-correct.js,32,22,JavaScript
1072,https://github.com/paritytech/bn,32,45,Rust
1073,https://github.com/crypto-punkers/resolver-engine,32,26,TypeScript
1074,https://github.com/humanwhocodes/object-schema,32,7,JavaScript
1075,https://github.com/isaacs/chownr,31,17,JavaScript
1076,https://github.com/metamask/utils,31,10,TypeScript
1077,https://github.com/ethereum/eth-typing,31,35,Python
1078,https://github.com/micromark/micromark-extension-gfm,31,2,JavaScript
1079,https://github.com/micromark/micromark-extension-directive,31,16,JavaScript
1080,https://github.com/node-modules/humanize-ms,31,1,JavaScript
1081,https://github.com/calvinmetcalf/process-nextick-args,31,22,JavaScript
1082,https://github.com/jsdom/webidl-conversions,31,16,JavaScript
1083,https://github.com/npm/fstream-npm,30,18,JavaScript
1084,https://github.com/metamask/eth-json-rpc-filters,30,38,JavaScript
1085,https://github.com/quic-go/qpack,30,8,Go
1086,https://github.com/jridgewell/sourcemap-codec,30,7,TypeScript
1087,https://github.com/multiformats/go-multiaddr-dns,30,18,Go
1088,https://github.com/sindresorhus/clone-response,30,5,JavaScript
1089,https://github.com/humanwhocodes/config-array,30,11,JavaScript
1090,https://github.com/multiformats/js-multihashing-async,29,24,JavaScript
1091,https://github.com/libp2p/go-yamux,29,24,Go
1092,https://github.com/indutny/des.js,28,11,JavaScript
1093,https://github.com/ethereumjs/eth-query,28,17,JavaScript
1094,https://github.com/level/memory-level,28,4,JavaScript
1095,https://github.com/gulpjs/ordered-read-streams,28,9,JavaScript
1096,https://github.com/wooorm/html-void-elements,28,1,JavaScript
1097,https://github.com/ethereum/hexbytes,28,19,Python
1098,https://github.com/ethereumjs/ethereumjs-common,28,43,TypeScript
1099,https://github.com/jonschlinkert/global-prefix,28,12,JavaScript
1100,https://github.com/indutny/miller-rabin,27,12,JavaScript
1101,https://github.com/rustcrypto/universal-hashes,27,14,Rust
1102,https://github.com/level/codec,27,7,JavaScript
1103,https://github.com/micromatch/expand-brackets,27,10,JavaScript
1104,https://github.com/humanwhocodes/retry,27,4,JavaScript
1105,https://github.com/npm/fs,26,9,JavaScript
1106,https://github.com/ipfs/js-stores,26,15,TypeScript
1107,https://github.com/isaacs/fs.realpath,26,10,JavaScript
1108,https://github.com/browserify/insert-module-globals,26,47,JavaScript
1109,https://github.com/nexdrew/which-module,26,4,JavaScript
1110,https://github.com/ljharb/get-intrinsic,26,4,JavaScript
1111,https://github.com/chalker/safer-buffer,26,23,JavaScript
1112,https://github.com/zksync-sdk/zksync-ethers,26,33,TypeScript
1113,https://github.com/humanwhocodes/module-importer,26,5,JavaScript
1114,https://github.com/indutny/minimalistic-crypto-utils,25,5,JavaScript
1115,https://github.com/npm/bin-links,25,16,JavaScript
1116,https://github.com/ethjs/ethjs-unit,25,21,JavaScript
1117,https://github.com/chaijs/assertion-error,25,16,TypeScript
1118,https://github.com/es-shims/object-is,25,7,JavaScript
1119,https://github.com/zksync-sdk/zksync2-js,25,28,TypeScript
1120,https://github.com/octet-stream/form-data-encoder,25,12,TypeScript
1121,https://github.com/alloy-rs/nybbles,25,6,Rust
1122,https://github.com/kemitchell/validate-npm-package-license.js,25,11,JavaScript
1123,https://github.com/npm/npm-install-checks,24,13,JavaScript
1124,https://github.com/knownasilya/cli-width,24,8,JavaScript
1125,https://github.com/level/mem,24,5,JavaScript
1126,https://github.com/gulpjs/now-and-later,24,10,JavaScript
1127,https://github.com/alexindigo/asynckit,24,8,JavaScript
1128,https://github.com/inspect-js/is-core-module,24,9,JavaScript
1129,https://github.com/inspect-js/is-regex,24,11,JavaScript
1130,https://github.com/syntax-tree/mdast-util-mdx-jsx,24,5,JavaScript
1131,https://github.com/eventualbuddha/lines-and-columns,24,6,TypeScript
1132,https://github.com/eslint-community/regexpp,24,5,TypeScript
1133,https://github.com/paritytech/fdlimit,24,9,Rust
1134,https://github.com/indutny/hmac-drbg,23,7,JavaScript
1135,https://github.com/ipfs/js-ipfs-utils,23,30,JavaScript
1136,https://github.com/nexdrew/ansi-align,23,4,JavaScript
1137,https://github.com/jsdom/whatwg-encoding,23,10,JavaScript
1138,https://github.com/linusu/buffer-from,23,10,JavaScript
1139,https://github.com/ljharb/es-to-primitive,23,9,JavaScript
1140,https://github.com/multiformats/js-multibase,23,24,JavaScript
1141,https://github.com/stream-utils/unpipe,23,6,JavaScript
1142,https://github.com/alloy-rs/eips,23,4,Rust
1143,https://github.com/sigstore/protobuf-specs,23,31,Rust
1144,https://github.com/electron/node-chromium-pickle-js,22,11,JavaScript
1145,https://github.com/kevva/shebang-command,22,8,JavaScript
1146,https://github.com/level/level-ws,22,5,JavaScript
1147,https://github.com/chaijs/loupe,22,11,JavaScript
1148,https://github.com/syntax-tree/estree-util-build-jsx,22,3,JavaScript
1149,https://github.com/syntax-tree/mdast-util-mdx,22,1,JavaScript
1150,https://github.com/trailofbits/go-mutexasserts,22,2,Go
1151,https://github.com/metamask/abi-utils,22,6,TypeScript
1152,https://github.com/jsdom/domexception,21,8,
1153,https://github.com/npm/json-parse-even-better-errors,21,4,JavaScript
1154,https://github.com/hughsk/is-typedarray,21,12,JavaScript
1155,https://github.com/jsdom/w3c-xmlserializer,21,11,JavaScript
1156,https://github.com/gulpjs/flagged-respawn,21,6,JavaScript
1157,https://github.com/ljharb/define-properties,21,9,JavaScript
1158,https://github.com/raynos/for-each,21,6,JavaScript
1159,https://github.com/inspect-js/is-object,21,7,JavaScript
1160,https://github.com/istanbuljs/append-transform,21,4,JavaScript
1161,https://github.com/jridgewell/gen-mapping,21,9,TypeScript
1162,https://github.com/multiformats/js-multicodec,21,21,JavaScript
1163,https://github.com/npm/map-workspaces,20,11,JavaScript
1164,https://github.com/thlorenz/deep-is,20,5,JavaScript
1165,https://github.com/isaacs/proto-list,20,2,JavaScript
1166,https://github.com/metamask/safe-event-emitter,20,21,TypeScript
1167,https://github.com/level/packager,20,16,JavaScript
1168,https://github.com/yargs/yargs-unparser,20,17,JavaScript
1169,https://github.com/gulpjs/sparkles,20,6,JavaScript
1170,https://github.com/es-shims/object.getownpropertydescriptors,20,8,JavaScript
1171,https://github.com/prettier/prettier-linter-helpers,20,6,JavaScript
1172,https://github.com/micromark/micromark-extension-frontmatter,20,2,JavaScript
1173,https://github.com/inspect-js/is-data-descriptor,20,6,JavaScript
1174,https://github.com/inspect-js/is-string,20,3,JavaScript
1175,https://github.com/istanbuljs/caching-transform,20,8,JavaScript
1176,https://github.com/paritytech/unsigned-varint,20,22,Rust
1177,https://github.com/ionicabizau/parse-path,20,10,JavaScript
1178,https://github.com/prysmaticlabs/gohashtree,20,9,Assembly
1179,https://github.com/ethereumjs/rustbn.js,20,7,HTML
1180,https://github.com/ipfs/js-datastore-level,19,15,TypeScript
1181,https://github.com/fastify/ajv-compiler,19,9,JavaScript
1182,https://github.com/npm/move-concurrently,19,9,JavaScript
1183,https://github.com/jsdom/html-encoding-sniffer,19,11,JavaScript
1184,https://github.com/level/deferred-leveldown,19,7,JavaScript
1185,https://github.com/syntax-tree/mdast-util-gfm,19,6,JavaScript
1186,https://github.com/syntax-tree/hast-util-to-estree,19,2,JavaScript
1187,https://github.com/syntax-tree/hast-util-to-text,19,2,JavaScript
1188,https://github.com/trailofbits/windows-acl,19,7,Rust
1189,https://github.com/jonschlinkert/is-extendable,19,5,JavaScript
1190,https://github.com/eslint-community/eslint-utils,19,7,JavaScript
1191,https://github.com/libp2p/go-nat,19,14,Go
1192,https://github.com/indutny/brorand,18,17,JavaScript
1193,https://github.com/npm/promise-spawn,18,12,JavaScript
1194,https://github.com/npm/copy-concurrently,18,11,JavaScript
1195,https://github.com/yargs/require-main-filename,18,9,JavaScript
1196,https://github.com/calvinmetcalf/minimalistic-assert,18,4,JavaScript
1197,https://github.com/gulpjs/glogg,18,10,JavaScript
1198,https://github.com/inspect-js/is-negative-zero,18,6,JavaScript
1199,https://github.com/inspect-js/is-async-function,18,2,JavaScript
1200,https://github.com/inspect-js/is-symbol,18,5,JavaScript
1201,https://github.com/walletconnect/modal,18,17,TypeScript
1202,https://github.com/gulpjs/lead,17,8,JavaScript
1203,https://github.com/gulpjs/undertaker-registry,17,10,JavaScript
1204,https://github.com/es-shims/string.prototype.matchall,17,4,JavaScript
1205,https://github.com/browserify/tty-browserify,17,12,JavaScript
1206,https://github.com/moxystudio/js-class-is,17,5,JavaScript
1207,https://github.com/conventional-changelog/get-pkg-repo,17,13,JavaScript
1208,https://github.com/demurgos/v8-coverage,16,10,Rust
1209,https://github.com/qix-/node-is-arrayish,16,11,CoffeeScript
1210,https://github.com/ljharb/side-channel,16,7,JavaScript
1211,https://github.com/acornjs/acorn-class-fields,16,9,JavaScript
1212,https://github.com/es-shims/iterator-helpers,16,2,JavaScript
1213,https://github.com/syntax-tree/hast-util-from-parse5,16,8,JavaScript
1214,https://github.com/thehubbleproject/hubble-bls,15,4,TypeScript
1215,https://github.com/npm/npm-user-validate,15,11,JavaScript
1216,https://github.com/multiformats/js-mafmt,15,18,TypeScript
1217,https://github.com/npm/proggy,15,2,JavaScript
1218,https://github.com/gulpjs/vinyl-sourcemap,15,12,JavaScript
1219,https://github.com/wooorm/zwitch,15,1,JavaScript
1220,https://github.com/es-shims/object.hasown,15,4,JavaScript
1221,https://github.com/inspect-js/has-symbols,15,4,JavaScript
1222,https://github.com/inspect-js/is-accessor-descriptor,15,4,JavaScript
1223,https://github.com/inspect-js/is-arguments,15,7,JavaScript
1224,https://github.com/syntax-tree/mdast-util-frontmatter,15,0,JavaScript
1225,https://github.com/jsdom/xml-name-validator,15,10,JavaScript
1226,https://github.com/pnpm/cmd-shim,14,11,TypeScript
1227,https://github.com/npm/normalize-git-url,14,10,JavaScript
1228,https://github.com/chaijs/check-error,14,7,JavaScript
1229,https://github.com/gulpjs/last-run,14,11,JavaScript
1230,https://github.com/fastify/json-schema-ref-resolver,14,2,JavaScript
1231,https://github.com/cspotcode/node-source-map-support,14,3,JavaScript
1232,https://github.com/micromark/micromark-extension-mdxjs-esm,14,0,JavaScript
1233,https://github.com/inspect-js/is-date-object,14,5,JavaScript
1234,https://github.com/ionicabizau/git-up,14,15,JavaScript
1235,https://github.com/syntax-tree/mdast-util-directive,14,6,JavaScript
1236,https://github.com/danipopes/keccak-asm,13,3,Rust
1237,https://github.com/browserify/acorn-node,13,9,JavaScript
1238,https://github.com/npm/metavuln-calculator,13,14,JavaScript
1239,https://github.com/ipld/js-ipld-block,13,16,JavaScript
1240,https://github.com/level/errors,13,4,JavaScript
1241,https://github.com/vfile/vfile-location,13,2,JavaScript
1242,https://github.com/libp2p/go-msgio,13,12,Go
1243,https://github.com/fastify/send,13,11,JavaScript
1244,https://github.com/es-shims/string.prototype.trim,13,4,JavaScript
1245,https://github.com/inspect-js/is-array-buffer,13,5,JavaScript
1246,https://github.com/syntax-tree/hast-util-parse-selector,13,2,JavaScript
1247,https://github.com/syntax-tree/mdast-util-gfm-table,13,8,JavaScript
1248,https://github.com/boa-dev/ryu-js,13,1,Rust
1249,https://github.com/level/iterator-stream,12,11,JavaScript
1250,https://github.com/chaijs/get-func-name,12,61,JavaScript
1251,https://github.com/gulpjs/fined,12,6,JavaScript
1252,https://github.com/es-shims/is-nan,12,6,JavaScript
1253,https://github.com/cspotcode/v8-compile-cache-lib,12,0,JavaScript
1254,https://github.com/inspect-js/is-descriptor,12,4,JavaScript
1255,https://github.com/inspect-js/is-typed-array,12,7,JavaScript
1256,https://github.com/syntax-tree/estree-util-to-js,12,1,JavaScript
1257,https://github.com/syntax-tree/hast-util-is-element,12,0,JavaScript
1258,https://github.com/syntax-tree/unist-util-remove-position,12,2,JavaScript
1259,https://github.com/syntax-tree/mdast-util-gfm-autolink-literal,12,6,JavaScript
1260,https://github.com/npm/installed-package-contents,11,11,JavaScript
1261,https://github.com/jsdom/w3c-hr-time,11,6,
1262,https://github.com/gulpjs/async-settle,11,15,JavaScript
1263,https://github.com/gulpjs/value-or-function,11,9,JavaScript
1264,https://github.com/wooorm/comma-separated-tokens,11,1,JavaScript
1265,https://github.com/es-shims/function.prototype.name,11,6,JavaScript
1266,https://github.com/component/is-module,11,6,JavaScript
1267,https://github.com/mafintosh/fs-constants,11,0,JavaScript
1268,https://github.com/micromark/micromark-extension-mdx-expression,11,2,JavaScript
1269,https://github.com/unshiftio/requires-port,11,5,JavaScript
1270,https://github.com/inspect-js/which-typed-array,11,4,JavaScript
1271,https://github.com/jridgewell/resolve-uri,11,7,JavaScript
1272,https://github.com/syntax-tree/hast-util-raw,11,4,JavaScript
1273,https://github.com/syntax-tree/mdast-util-definitions,11,1,JavaScript
1274,https://github.com/syntax-tree/mdast-util-find-and-replace,11,4,JavaScript
1275,https://github.com/humanwhocodes/gitignore-to-minimatch,11,0,JavaScript
1276,https://github.com/samn/json-stable-stringify,10,3,JavaScript
1277,https://github.com/npm/read-cmd-shim,10,8,JavaScript
1278,https://github.com/pnpm/npm-conf,10,12,JavaScript
1279,https://github.com/vfile/vfile-message,10,2,JavaScript
1280,https://github.com/gulpjs/to-through,10,8,JavaScript
1281,https://github.com/libp2p/go-flow-metrics,10,11,Go
1282,https://github.com/ljharb/es-errors,10,1,JavaScript
1283,https://github.com/ljharb/call-bind,10,7,JavaScript
1284,https://github.com/wooorm/space-separated-tokens,10,1,JavaScript
1285,https://github.com/shikijs/vscode-textmate,10,4,TypeScript
1286,https://github.com/es-shims/string.prototype.padend,10,4,JavaScript
1287,https://github.com/inspect-js/which-collection,10,2,JavaScript
1288,https://github.com/rusticata/asn1-rs,10,14,Rust
1289,https://github.com/npm/proc-log,9,4,JavaScript
1290,https://github.com/gulpjs/semver-greatest-satisfied-range,9,9,JavaScript
1291,https://github.com/gulpjs/mute-stdout,9,3,JavaScript
1292,https://github.com/gulpjs/resolve-options,9,7,JavaScript
1293,https://github.com/gulpjs/clone-buffer,9,8,JavaScript
1294,https://github.com/micromark/micromark-extension-mdx-jsx,9,4,JavaScript
1295,https://github.com/szmarczak/defer-to-connect,9,5,TypeScript
1296,https://github.com/inspect-js/functions-have-names,9,1,JavaScript
1297,https://github.com/ethereumjs/verkle-cryptography-wasm,8,1,TypeScript
1298,https://github.com/poanetwork/hex_fmt,8,2,Rust
1299,https://github.com/npm/fs-vacuum,8,8,JavaScript
1300,https://github.com/npm/npm-bundled,8,8,JavaScript
1301,https://github.com/istanbuljs/test-exclude,8,12,JavaScript
1302,https://github.com/gulpjs/fs-mkdirp-stream,8,7,JavaScript
1303,https://github.com/ljharb/unbox-primitive,8,3,JavaScript
1304,https://github.com/ljharb/safe-regex-test,8,1,JavaScript
1305,https://github.com/fastify/fast-json-stringify-compiler,8,3,JavaScript
1306,https://github.com/es-shims/regexp.prototype.flags,8,10,JavaScript
1307,https://github.com/micromark/micromark-extension-mdxjs,8,0,JavaScript
1308,https://github.com/inspect-js/is-map,8,5,JavaScript
1309,https://github.com/inspect-js/is-number-object,8,3,JavaScript
1310,https://github.com/syntax-tree/unist-util-position,8,2,JavaScript
1311,https://github.com/syntax-tree/mdast-util-mdxjs-esm,8,0,JavaScript
1312,https://github.com/multiformats/go-varint,8,5,Go
1313,https://github.com/ethereumjs/rustbn-wasm,8,1,TypeScript
1314,https://github.com/npm/agent,7,5,JavaScript
1315,https://github.com/npm/name-from-folder,7,4,JavaScript
1316,https://github.com/npm/query,7,4,JavaScript
1317,https://github.com/multiformats/js-multiaddr-to-uri,7,11,TypeScript
1318,https://github.com/multiformats/go-base36,7,1,Go
1319,https://github.com/gulpjs/remove-bom-stream,7,7,JavaScript
1320,https://github.com/ljharb/internal-slot,7,1,JavaScript
1321,https://github.com/kriszyp/msgpackr-extract,7,3,C++
1322,https://github.com/es-shims/array.prototype.every,7,2,JavaScript
1323,https://github.com/mafintosh/queue-tick,7,2,JavaScript
1324,https://github.com/micromark/micromark-extension-gfm-footnote,7,3,JavaScript
1325,https://github.com/micromark/micromark-extension-gfm-autolink-literal,7,4,JavaScript
1326,https://github.com/inspect-js/is-boolean-object,7,2,JavaScript
1327,https://github.com/inspect-js/typed-array-length,7,2,JavaScript
1328,https://github.com/inspect-js/which-boxed-primitive,7,2,JavaScript
1329,https://github.com/inspect-js/is-bigint,7,2,JavaScript
1330,https://github.com/syntax-tree/unist-util-find-after,7,3,JavaScript
1331,https://github.com/syntax-tree/estree-util-attach-comments,7,4,JavaScript
1332,https://github.com/heim-rs/darwin-libproc,7,21,Rust
1333,https://github.com/crate-crypto/go-kzg-4844,7,5,Go
1334,https://github.com/prysmaticlabs/go-bitfield,7,4,Go
1335,https://github.com/paritytech/exit-future,6,4,Rust
1336,https://github.com/prettier-solidity/solidity-comments-extractor,6,0,JavaScript
1337,https://github.com/isaacs/package-json-from-dist,6,0,TypeScript
1338,https://github.com/npm/node-gyp,6,6,JavaScript
1339,https://github.com/npm/npm-normalize-package-bin,6,5,JavaScript
1340,https://github.com/npm/node-fetch-npm,6,9,JavaScript
1341,https://github.com/libp2p/go-libp2p-mplex,6,5,Go
1342,https://github.com/ljharb/set-function-length,6,1,JavaScript
1343,https://github.com/wooorm/ccount,6,2,JavaScript
1344,https://github.com/vweevers/module-error,6,1,JavaScript
1345,https://github.com/micromark/micromark-extension-gfm-table,6,7,JavaScript
1346,https://github.com/micromark/micromark-extension-gfm-task-list-item,6,1,JavaScript
1347,https://github.com/szmarczak/resolve-alpn,6,2,JavaScript
1348,https://github.com/ethereumjs/common,6,15,JavaScript
1349,https://github.com/inspect-js/has-proto,6,3,JavaScript
1350,https://github.com/syntax-tree/unist-util-stringify-position,6,2,JavaScript
1351,https://github.com/streetsidesoftware/gensequence,6,5,TypeScript
1352,https://github.com/npm/npm-pick-manifest,5,10,JavaScript
1353,https://github.com/npm/realize-package-specifier,5,7,JavaScript
1354,https://github.com/ipld/js-ipld-raw,5,3,JavaScript
1355,https://github.com/level/concat-iterator,5,2,JavaScript
1356,https://github.com/ljharb/safe-array-concat,5,1,JavaScript
1357,https://github.com/es-shims/string.prototype.trimend,5,5,JavaScript
1358,https://github.com/component/toidentifier,5,8,JavaScript
1359,https://github.com/inspect-js/defined,5,1,JavaScript
1360,https://github.com/inspect-js/has-tostringtag,5,2,JavaScript
1361,https://github.com/inspect-js/typed-array-byte-offset,5,0,JavaScript
1362,https://github.com/syntax-tree/mdast-util-gfm-footnote,5,0,JavaScript
1363,https://github.com/syntax-tree/mdast-util-gfm-strikethrough,5,4,JavaScript
1364,https://github.com/syntax-tree/mdast-util-gfm-task-list-item,5,2,JavaScript
1365,https://github.com/rusticata/rusticata-macros,5,8,Rust
1366,https://github.com/coolaj86/node,4,0,JavaScript
1367,https://github.com/npm/npm-cache-filename,4,7,JavaScript
1368,https://github.com/level/supports,4,1,JavaScript
1369,https://github.com/level/transcoder,4,2,JavaScript
1370,https://github.com/gulpjs/replace-homedir,4,4,JavaScript
1371,https://github.com/libp2p/go-libp2p-asn-util,4,7,Go
1372,https://github.com/ljharb/define-data-property,4,0,JavaScript
1373,https://github.com/ljharb/set-function-name,4,1,JavaScript
1374,https://github.com/ljharb/es-define-property,4,0,JavaScript
1375,https://github.com/fastify/accept-negotiator,4,4,JavaScript
1376,https://github.com/fastify/merge-json-schemas,4,2,JavaScript
1377,https://github.com/es-shims/array.prototype.findlast,4,1,JavaScript
1378,https://github.com/es-shims/object.groupby,4,1,JavaScript
1379,https://github.com/es-shims/string.prototype.trimstart,4,5,JavaScript
1380,https://github.com/vweevers/catering,4,2,JavaScript
1381,https://github.com/jridgewell/set-array,4,1,TypeScript
1382,https://github.com/ionicabizau/protocols,4,3,JavaScript
1383,https://github.com/syntax-tree/mdast-util-mdx-expression,4,0,JavaScript
1384,https://github.com/syntax-tree/unist-util-generated,4,1,JavaScript
1385,https://github.com/syntax-tree/estree-util-visit,4,1,JavaScript
1386,https://github.com/syntax-tree/hast-util-whitespace,4,1,JavaScript
1387,https://github.com/multiformats/go-multiaddr-fmt,4,7,Go
1388,https://github.com/silentcicero/number-to-bn,4,12,JavaScript
1389,https://github.com/getsentry/rust-debugid,4,3,Rust
1390,https://github.com/rusticata/oid-registry,4,13,Rust
1391,https://github.com/npm/readdir-scoped-modules,3,6,JavaScript
1392,https://github.com/ryanzim/at-least-node,3,4,JavaScript
1393,https://github.com/istanbuljs/istanbul-lib-processinfo,3,5,JavaScript
1394,https://github.com/gulpjs/each-props,3,3,JavaScript
1395,https://github.com/ljharb/concat-map,3,0,JavaScript
1396,https://github.com/es-shims/reflect.getprototypeof,3,1,JavaScript
1397,https://github.com/es-shims/array.prototype.reduce,3,2,JavaScript
1398,https://github.com/es-shims/array.prototype.findlastindex,3,3,JavaScript
1399,https://github.com/mafintosh/mkdirp-classic,3,0,JavaScript
1400,https://github.com/micromark/micromark-extension-gfm-tagfilter,3,0,JavaScript
1401,https://github.com/micromark/micromark-extension-gfm-strikethrough,3,5,JavaScript
1402,https://github.com/inspect-js/is-set,3,3,JavaScript
1403,https://github.com/inspect-js/has-dynamic-import,3,1,JavaScript
1404,https://github.com/inspect-js/is-weakset,3,1,JavaScript
1405,https://github.com/inspect-js/is-shared-array-buffer,3,2,JavaScript
1406,https://github.com/inspect-js/get-symbol-description,3,2,JavaScript
1407,https://github.com/inspect-js/available-typed-arrays,3,3,JavaScript
1408,https://github.com/inspect-js/is-weakmap,3,1,JavaScript
1409,https://github.com/inspect-js/which-builtin-type,3,1,JavaScript
1410,https://github.com/inspect-js/buffer-equal,3,1,JavaScript
1411,https://github.com/inspect-js/is-weakref,3,2,JavaScript
1412,https://github.com/inspect-js/has-property-descriptors,3,1,JavaScript
1413,https://github.com/syntax-tree/estree-util-is-identifier-name,3,1,JavaScript
1414,https://github.com/erigontech/silkworm-go,3,1,Go
1415,https://github.com/multiformats/go-base32,3,1,Go
1416,https://github.com/prysmaticlabs/protoc-gen-go-cast,2,2,Go
1417,https://github.com/istanbuljs/load-nyc-config,2,7,JavaScript
1418,https://github.com/npm/redact,2,4,JavaScript
1419,https://github.com/pnpm/components,2,8,TypeScript
1420,https://github.com/gulpjs/default-resolution,2,5,JavaScript
1421,https://github.com/gulpjs/parse-node-version,2,4,JavaScript
1422,https://github.com/ljharb/es-shim-unscopables,2,0,JavaScript
1423,https://github.com/ljharb/gopd,2,0,JavaScript
1424,https://github.com/es-shims/typedarray,2,1,JavaScript
1425,https://github.com/es-shims/es-set-tostringtag,2,1,JavaScript
1426,https://github.com/metamask/superstruct,2,0,TypeScript
1427,https://github.com/inspect-js/is-data-view,2,0,JavaScript
1428,https://github.com/inspect-js/array-buffer-byte-length,2,0,JavaScript
1429,https://github.com/inspect-js/is-finalizationregistry,2,1,JavaScript
1430,https://github.com/syntax-tree/hast-util-to-parse5,2,2,JavaScript
1431,https://github.com/silentcicero/strip-hex-prefix,2,4,JavaScript
1432,https://github.com/npm/figgy-pudding,1,3,JavaScript
1433,https://github.com/multiformats/js-dns,1,1,TypeScript
1434,https://github.com/micromark/micromark-extension-mdx-md,1,0,JavaScript
1435,https://github.com/erigontech/speedtest,1,0,Go
1436,https://github.com/inspect-js/hasown,1,0,JavaScript
1437,https://github.com/inspect-js/node-supports-preserve-symlinks-flag,1,3,JavaScript
1438,https://github.com/istanbuljs/schema,1,10,JavaScript
1439,https://github.com/syntax-tree/hast-util-has-property,1,1,JavaScript
1440,https://github.com/syntax-tree/mdast-util-phrasing,1,0,JavaScript
1441,https://github.com/prysmaticlabs/fastssz,1,3,Go
1442,https://github.com/maticnetwork/crand,1,1,Go
1443,https://github.com/erigontech/erigonwatch,1,3,TypeScript
1444,https://github.com/erigontech/secp256k1,1,6,C
1445,https://github.com/multiformats/js-multiaddr-matcher,0,0,TypeScript
1446,https://github.com/npm/move-file,0,3,JavaScript
1447,https://github.com/algolia/events,0,1,JavaScript
1448,https://github.com/es-shims/arraybuffer.prototype.slice,0,0,JavaScript
1449,https://github.com/inspect-js/typed-array-byte-length,0,0,JavaScript
1450,https://github.com/syntax-tree/unist-util-position-from-estree,0,0,JavaScript
1451,https://github.com/silentcicero/is-hex-prefixed,0,1,JavaScript
1452,https://github.com/prysmaticlabs/prombbolt,0,0,Starlark
