,name,repository
0,enr,https://github.com/sigp/enr
1,sptr,https://github.com/gankra/sptr
2,kzg,https://github.com/sladuca/kzg
3,boa_engine,https://github.com/boa-dev/boa
4,boa_interner,https://github.com/boa-dev/boa
5,boa_macros,https://github.com/boa-dev/boa
6,boa_profiler,https://github.com/boa-dev/boa
7,boa_gc,https://github.com/boa-dev/boa
8,boa_ast,https://github.com/boa-dev/boa
9,boa_parser,https://github.com/boa-dev/boa
10,boa_string,https://github.com/boa-dev/boa
11,ryu,https://github.com/dtolnay/ryu
12,syn,https://github.com/dtolnay/syn
13,h2,https://github.com/hyperium/h2
14,discv5,https://github.com/sigp/discv5
15,dirs,https://github.com/soc/dirs-rs
16,dirs-next,https://github.com/xdg-rs/dirs
17,ntapi,https://github.com/msxdos/ntapi
18,core2,https://github.com/bbqsrc/core2
19,maplit,https://github.com/bluss/maplit
20,clap_lex,https://github.com/clap-rs/clap
21,clap_builder,https://github.com/clap-rs/clap
22,clap,https://github.com/clap-rs/clap
23,clap_derive,https://github.com/clap-rs/clap
24,dtoa,https://github.com/dtolnay/dtoa
25,itoa,https://github.com/dtolnay/itoa
26,cesu8,https://github.com/emk/cesu8-rs
27,eyre,https://github.com/eyre-rs/eyre
28,cached_proc_macro_types,https://github.com/jaemk/cached
29,cached,https://github.com/jaemk/cached
30,cached_proc_macro,https://github.com/jaemk/cached
31,nix,https://github.com/nix-rust/nix
32,rcgen,https://github.com/rustls/rcgen
33,pq-sys,https://github.com/sgrif/pq-sys
34,time-macros,https://github.com/time-rs/time
35,time-core,https://github.com/time-rs/time
36,toml_edit,https://github.com/toml-rs/toml
37,enumset,https://github.com/lymia/enumset
38,enumset_derive,https://github.com/lymia/enumset
39,backon,https://github.com/xuanwo/backon
40,utf8parse,https://github.com/alacritty/vte
41,tynm,https://github.com/azriel91/tynm
42,bitmaps,https://github.com/bodil/bitmaps
43,enumn,https://github.com/dtolnay/enumn
44,paste,https://github.com/dtolnay/paste
45,quote,https://github.com/dtolnay/quote
46,http,https://github.com/hyperium/http
47,mime,https://github.com/hyperium/mime
48,jni,https://github.com/jni-rs/jni-rs
49,foldhash,https://github.com/orlp/foldhash
50,log,https://github.com/rust-lang/log
51,highs,https://github.com/rust-or/highs
52,rustls-webpki,https://github.com/rustls/webpki
53,gloo-net,https://github.com/rustwasm/gloo
54,serde_json,https://github.com/serde-rs/json
55,r2d2,https://github.com/sfackler/r2d2
56,milhouse,https://github.com/sigp/milhouse
57,piper,https://github.com/smol-rs/piper
58,pprof,https://github.com/tikv/pprof-rs
59,slab,https://github.com/tokio-rs/slab
60,combine,https://github.com/marwes/combine
61,rlimit,https://github.com/nugine/rlimit/
62,rsa,https://github.com/rustcrypto/rsa
63,revm,https://github.com/bluealloy/revm
64,revm-interpreter,https://github.com/bluealloy/revm
65,revm-primitives,https://github.com/bluealloy/revm
66,revm-precompile,https://github.com/bluealloy/revm
67,arrayvec,https://github.com/bluss/arrayvec
68,ryu-js,https://github.com/boa-dev/ryu-js
69,anyhow,https://github.com/dtolnay/anyhow
70,semver,https://github.com/dtolnay/semver
71,gimli,https://github.com/gimli-rs/gimli
72,zstd-safe,https://github.com/gyscos/zstd-rs
73,zstd,https://github.com/gyscos/zstd-rs
74,zstd-sys,https://github.com/gyscos/zstd-rs
75,serde-aux,https://github.com/iddm/serde-aux
76,jni-sys,https://github.com/jni-rs/jni-sys
77,hashlink,https://github.com/kyren/hashlink
78,vcpkg,https://github.com/mcgoo/vcpkg-rs
79,typenum,https://github.com/paholg/typenum
80,quinn-proto,https://github.com/quinn-rs/quinn
81,quinn,https://github.com/quinn-rs/quinn
82,quinn-udp,https://github.com/quinn-rs/quinn
83,rayon-core,https://github.com/rayon-rs/rayon
84,rayon,https://github.com/rayon-rs/rayon
85,libm,https://github.com/rust-lang/libm
86,fnv,https://github.com/servo/rust-fnv
87,url,https://github.com/servo/rust-url
88,form_urlencoded,https://github.com/servo/rust-url
89,ssz_types,https://github.com/sigp/ssz_types
90,tree_hash_derive,https://github.com/sigp/tree_hash
91,tree_hash,https://github.com/sigp/tree_hash
92,bytes,https://github.com/tokio-rs/bytes
93,prost,https://github.com/tokio-rs/prost
94,duplicate,https://github.com/emoun/duplicate
95,mach2,https://github.com/johntitor/mach2
96,hmac,https://github.com/rustcrypto/macs
97,simple_asn1,https://github.com/acw/simple_asn1
98,mockall,https://github.com/asomers/mockall
99,mockall_derive,https://github.com/asomers/mockall
100,ring,https://github.com/briansmith/ring
101,fxhash,https://github.com/cbreeden/fxhash
102,autocfg,https://github.com/cuviper/autocfg
103,procfs,https://github.com/eminence/procfs
104,procfs-core,https://github.com/eminence/procfs
105,bumpalo,https://github.com/fitzgen/bumpalo
106,object,https://github.com/gimli-rs/object
107,zerocopy-derive,https://github.com/google/zerocopy
108,zerocopy,https://github.com/google/zerocopy
109,lazycell,https://github.com/indiv0/lazycell
110,cast,https://github.com/japaric/cast.rs
111,ipnet,https://github.com/krisprice/ipnet
112,lalrpop-util,https://github.com/lalrpop/lalrpop
113,lalrpop,https://github.com/lalrpop/lalrpop
114,adler2,https://github.com/oyvindln/adler2
115,hash-db,https://github.com/paritytech/trie
116,anes,https://github.com/qwandor/anes-rs
117,either,https://github.com/rayon-rs/either
118,nom,https://github.com/rust-bakery/nom
119,home,https://github.com/rust-lang/cargo
120,good_lp,https://github.com/rust-or/good_lp
121,idna,https://github.com/servo/rust-url/
122,percent-encoding,https://github.com/servo/rust-url/
123,metastruct_macro,https://github.com/sigp/metastruct
124,metastruct,https://github.com/sigp/metastruct
125,polling,https://github.com/smol-rs/polling
126,quick-xml,https://github.com/tafia/quick-xml
127,arc-swap,https://github.com/vorner/arc-swap
128,fastrlp,https://github.com/vorot93/fastrlp
129,zip,https://github.com/zip-rs/zip2.git
130,memoffset,https://github.com/gilnaa/memoffset
131,tinyvec,https://github.com/lokathor/tinyvec
132,aes-gcm,https://github.com/rustcrypto/aeads
133,hex-literal,https://github.com/rustcrypto/utils
134,inout,https://github.com/rustcrypto/utils
135,opaque-debug,https://github.com/rustcrypto/utils
136,block-buffer,https://github.com/rustcrypto/utils
137,cpufeatures,https://github.com/rustcrypto/utils
138,block-padding,https://github.com/rustcrypto/utils
139,variant_count,https://github.com/xx/variant_count
140,scopeguard,https://github.com/bluss/scopeguard
141,camino,https://github.com/camino-rs/camino
142,shlex,https://github.com/comex/rust-shlex
143,arrayref,https://github.com/droundy/arrayref
144,deranged,https://github.com/jhpratt/deranged
145,num-conv,https://github.com/jhpratt/num-conv
146,powerfmt,https://github.com/jhpratt/powerfmt
147,if-watch,https://github.com/mxinden/if-watch
148,pharos,https://github.com/najamelan/pharos
149,yamux,https://github.com/paritytech/yamux
150,httpdate,https://github.com/pyfisch/httpdate
151,refinery,https://github.com/rust-db/refinery
152,refinery-macros,https://github.com/rust-db/refinery
153,refinery-core,https://github.com/rust-db/refinery
154,want,https://github.com/seanmonstar/want
155,warp,https://github.com/seanmonstar/warp
156,superstruct,https://github.com/sigp/superstruct
157,async-io,https://github.com/smol-rs/async-io
158,blocking,https://github.com/smol-rs/blocking
159,fastrand,https://github.com/smol-rs/fastrand
160,easy-ext,https://github.com/taiki-e/easy-ext
161,ahash,https://github.com/tkaitchuck/ahash
162,winnow,https://github.com/winnow-rs/winnow
163,hex,https://github.com/kokakiwi/rust-hex
164,bytemuck,https://github.com/lokathor/bytemuck
165,bytemuck_derive,https://github.com/lokathor/bytemuck
166,bs58,https://github.com/nullus157/bs58-rs
167,md-5,https://github.com/rustcrypto/hashes
168,sha2,https://github.com/rustcrypto/hashes
169,sha3,https://github.com/rustcrypto/hashes
170,sha1,https://github.com/rustcrypto/hashes
171,blake2,https://github.com/rustcrypto/hashes
172,ripemd,https://github.com/rustcrypto/hashes
173,aead,https://github.com/rustcrypto/traits
174,crypto-mac,https://github.com/rustcrypto/traits
175,crypto-common,https://github.com/rustcrypto/traits
176,digest,https://github.com/rustcrypto/traits
177,cipher,https://github.com/rustcrypto/traits
178,universal-hash,https://github.com/rustcrypto/traits
179,darling_macro,https://github.com/teddriggs/darling
180,darling_core,https://github.com/teddriggs/darling
181,darling,https://github.com/teddriggs/darling
182,overload,https://github.com/danaugrs/overload
183,fs2,https://github.com/danburkert/fs2-rs
184,web-time,https://github.com/daxpedda/web-time
185,dyn-clone,https://github.com/dtolnay/dyn-clone
186,thiserror,https://github.com/dtolnay/thiserror
187,thiserror-impl,https://github.com/dtolnay/thiserror
188,thiserror-no-std,https://github.com/dtolnay/thiserror
189,thiserror-impl-no-std,https://github.com/dtolnay/thiserror
190,downcast,https://github.com/fkoep/downcast-rs
191,async-sse,https://github.com/http-rs/async-sse
192,data-encoding-macro,https://github.com/ia0/data-encoding
193,data-encoding,https://github.com/ia0/data-encoding
194,data-encoding-macro-internal,https://github.com/ia0/data-encoding
195,once_cell,https://github.com/matklad/once_cell
196,if-addrs,https://github.com/messense/if-addrs
197,similar,https://github.com/mitsuhiko/similar
198,petgraph,https://github.com/petgraph/petgraph
199,libsqlite3-sys,https://github.com/rusqlite/rusqlite
200,rusqlite,https://github.com/rusqlite/rusqlite
201,highs-sys,https://github.com/rust-or/highs-sys
202,phf_generator,https://github.com/rust-phf/rust-phf
203,phf,https://github.com/rust-phf/rust-phf
204,phf_shared,https://github.com/rust-phf/rust-phf
205,phf_macros,https://github.com/rust-phf/rust-phf
206,castaway,https://github.com/sagebind/castaway
207,unescape,https://github.com/saghm/unescape-rs
208,instant,https://github.com/sebcrozet/instant
209,ethereum_ssz_derive,https://github.com/sigp/ethereum_ssz
210,ethereum_ssz,https://github.com/sigp/ethereum_ssz
211,leveldb-sys,https://github.com/skade/leveldb-sys
212,half,https://github.com/starkat99/half-rs
213,value-bag,https://github.com/sval-rs/value-bag
214,hostname,https://github.com/svartalf/hostname
215,send_wrapper,https://github.com/thk1/send_wrapper
216,valuable,https://github.com/tokio-rs/valuable
217,wasm-timer,https://github.com/tomaka/wasm-timer
218,litemap,https://github.com/unicode-org/icu4x
219,zerovec-derive,https://github.com/unicode-org/icu4x
220,zerofrom-derive,https://github.com/unicode-org/icu4x
221,yoke-derive,https://github.com/unicode-org/icu4x
222,tinystr,https://github.com/unicode-org/icu4x
223,zerovec,https://github.com/unicode-org/icu4x
224,yoke,https://github.com/unicode-org/icu4x
225,zerofrom,https://github.com/unicode-org/icu4x
226,writeable,https://github.com/unicode-org/icu4x
227,heck,https://github.com/withoutboats/heck
228,pollster,https://github.com/zesterer/pollster
229,rmp-serde,https://github.com/3hren/msgpack-rust
230,rmp,https://github.com/3hren/msgpack-rust
231,derive_more,https://github.com/jeltef/derive_more
232,derive_more-impl,https://github.com/jeltef/derive_more
233,sized-chunks,https://github.com/bodil/sized-chunks
234,equivalent,https://github.com/cuviper/equivalent
235,serde_repr,https://github.com/dtolnay/serde-repr
236,serde_yaml,https://github.com/dtolnay/serde-yaml
237,test-case,https://github.com/frondeus/test-case
238,test-case-core,https://github.com/frondeus/test-case
239,test-case-macros,https://github.com/frondeus/test-case
240,winreg,https://github.com/gentoo90/winreg-rs
241,addr2line,https://github.com/gimli-rs/addr2line
242,inotify,https://github.com/hannobraun/inotify
243,http-types,https://github.com/http-rs/http-types
244,http-body,https://github.com/hyperium/http-body
245,http-body-util,https://github.com/hyperium/http-body
246,inferno,https://github.com/jonhoo/inferno.git
247,libp2p-metrics,https://github.com/libp2p/rust-libp2p
248,libp2p-tls,https://github.com/libp2p/rust-libp2p
249,libp2p-kad,https://github.com/libp2p/rust-libp2p
250,libp2p-noise,https://github.com/libp2p/rust-libp2p
251,libp2p-swarm-derive,https://github.com/libp2p/rust-libp2p
252,libp2p-identity,https://github.com/libp2p/rust-libp2p
253,libp2p-identify,https://github.com/libp2p/rust-libp2p
254,rw-stream-sink,https://github.com/libp2p/rust-libp2p
255,libp2p-connection-limits,https://github.com/libp2p/rust-libp2p
256,libp2p-gossipsub,https://github.com/libp2p/rust-libp2p
257,libp2p-mdns,https://github.com/libp2p/rust-libp2p
258,multistream-select,https://github.com/libp2p/rust-libp2p
259,libp2p-allow-block-list,https://github.com/libp2p/rust-libp2p
260,libp2p-swarm,https://github.com/libp2p/rust-libp2p
261,libp2p-quic,https://github.com/libp2p/rust-libp2p
262,libp2p-core,https://github.com/libp2p/rust-libp2p
263,libp2p-dns,https://github.com/libp2p/rust-libp2p
264,libp2p-tcp,https://github.com/libp2p/rust-libp2p
265,libp2p-mplex,https://github.com/libp2p/rust-libp2p
266,libp2p-upnp,https://github.com/libp2p/rust-libp2p
267,quick-protobuf-codec,https://github.com/libp2p/rust-libp2p
268,libp2p-plaintext,https://github.com/libp2p/rust-libp2p
269,libp2p,https://github.com/libp2p/rust-libp2p
270,libp2p-yamux,https://github.com/libp2p/rust-libp2p
271,iri-string,https://github.com/lo48576/iri-string
272,spin,https://github.com/mvdnes/spin-rs.git
273,fdlimit,https://github.com/paritytech/fdlimit
274,soketto,https://github.com/paritytech/soketto
275,hex_fmt,https://github.com/poanetwork/hex_fmt
276,void,https://github.com/reem/rust-void.git
277,winapi-x86_64-pc-windows-gnu,https://github.com/retep998/winapi-rs
278,winapi-i686-pc-windows-gnu,https://github.com/retep998/winapi-rs
279,winapi,https://github.com/retep998/winapi-rs
280,libz-sys,https://github.com/rust-lang/libz-sys
281,string_cache,https://github.com/servo/string-cache
282,unicode-bidi,https://github.com/servo/unicode-bidi
283,async-lock,https://github.com/smol-rs/async-lock
284,async-task,https://github.com/smol-rs/async-task
285,blst,https://github.com/supranational/blst
286,signal-hook-mio,https://github.com/vorner/signal-hook
287,signal-hook-registry,https://github.com/vorner/signal-hook
288,signal-hook,https://github.com/vorner/signal-hook
289,lock_api,https://github.com/amanieu/parking_lot
290,parking_lot,https://github.com/amanieu/parking_lot
291,parking_lot_core,https://github.com/amanieu/parking_lot
292,clang-sys,https://github.com/kylemayes/clang-sys
293,ringbuffer,https://github.com/nullx76/ringbuffer/
294,yansi,https://github.com/sergiobenitez/yansi
295,str_stack,https://github.com/stebalien/str_stack
296,rusty-fork,https://github.com/altsysrq/rusty-fork
297,bincode,https://github.com/bincode-org/bincode
298,unarray,https://github.com/cameron1024/unarray
299,async-trait,https://github.com/dtolnay/async-trait
300,proc-macro2,https://github.com/dtolnay/proc-macro2
301,rustversion,https://github.com/dtolnay/rustversion
302,xmltree,https://github.com/eminence/xmltree-rs
303,findshlibs,https://github.com/gimli-rs/findshlibs
304,hermit-abi,https://github.com/hermit-os/hermit-rs
305,matchit,https://github.com/ibraheemdev/matchit
306,cexpr,https://github.com/jethrogb/rust-cexpr
307,num_threads,https://github.com/jhpratt/num_threads
308,serde_with,https://github.com/jonasbb/serde_with/
309,serde_with_macros,https://github.com/jonasbb/serde_with/
310,crc,https://github.com/mrhooray/crc-rs.git
311,mock_instant,https://github.com/museun/mock_instant
312,synstructure,https://github.com/mystor/synstructure
313,adler32,https://github.com/remram44/adler32-rs
314,env_logger,https://github.com/rust-cli/env_logger
315,env_filter,https://github.com/rust-cli/env_logger
316,derive_arbitrary,https://github.com/rust-fuzz/arbitrary
317,hashbrown,https://github.com/rust-lang/hashbrown
318,convert_case,https://github.com/rutrum/convert-case
319,serde_qs,https://github.com/samscott89/serde_qs
320,reqwest,https://github.com/seanmonstar/reqwest
321,unicase,https://github.com/seanmonstar/unicase
322,smallvec,https://github.com/servo/rust-smallvec
323,pin-project,https://github.com/taiki-e/pin-project
324,pin-project-internal,https://github.com/taiki-e/pin-project
325,intrusive-collections,https://github.com/amanieu/intrusive-rs
326,conv,https://github.com/danielkeep/rust-conv
327,yaml-rust2,https://github.com/ethiraric/yaml-rust2
328,pathdiff,https://github.com/manishearth/pathdiff
329,triomphe,https://github.com/manishearth/triomphe
330,pico-args,https://github.com/razrfalcon/pico-args
331,utf-8,https://github.com/simonsapin/rust-utf8
332,tinyvec_macros,https://github.com/soveu/tinyvec_macros
333,ident_case,https://github.com/teddriggs/ident_case
334,mime_guess,https://github.com/abonander/mime_guess
335,delay_map,https://github.com/agemanning/delay_map
336,fs-err,https://github.com/andrewhickman/fs-err
337,untrusted,https://github.com/briansmith/untrusted
338,dirs-sys,https://github.com/dirs-dev/dirs-sys-rs
339,rustc_version,https://github.com/djc/rustc-version-rs
340,erased-serde,https://github.com/dtolnay/erased-serde
341,prettyplease,https://github.com/dtolnay/prettyplease
342,structmeta,https://github.com/frozenlib/structmeta
343,structmeta-derive,https://github.com/frozenlib/structmeta
344,open-fastrlp-derive,https://github.com/gakonst/open-fastrlp
345,open-fastrlp,https://github.com/gakonst/open-fastrlp
346,dary_heap,https://github.com/hanmertens/dary_heap
347,indexmap,https://github.com/indexmap-rs/indexmap
348,ascii-canvas,https://github.com/lalrpop/ascii-canvas
349,windows-implement,https://github.com/microsoft/windows-rs
350,windows-interface,https://github.com/microsoft/windows-rs
351,windows_i686_gnullvm,https://github.com/microsoft/windows-rs
352,windows_aarch64_gnullvm,https://github.com/microsoft/windows-rs
353,windows_i686_gnu,https://github.com/microsoft/windows-rs
354,windows_x86_64_gnu,https://github.com/microsoft/windows-rs
355,windows-strings,https://github.com/microsoft/windows-rs
356,windows-registry,https://github.com/microsoft/windows-rs
357,windows-targets,https://github.com/microsoft/windows-rs
358,windows-sys,https://github.com/microsoft/windows-rs
359,windows_x86_64_gnullvm,https://github.com/microsoft/windows-rs
360,windows_x86_64_msvc,https://github.com/microsoft/windows-rs
361,windows-core,https://github.com/microsoft/windows-rs
362,windows,https://github.com/microsoft/windows-rs
363,windows-result,https://github.com/microsoft/windows-rs
364,windows_aarch64_msvc,https://github.com/microsoft/windows-rs
365,windows_i686_msvc,https://github.com/microsoft/windows-rs
366,serde_urlencoded,https://github.com/nox/serde_urlencoded
367,nu-ansi-term,https://github.com/nushell/nu-ansi-term
368,serial_test_derive,https://github.com/palfrey/serial_test/
369,serial_test,https://github.com/palfrey/serial_test/
370,fixedbitset,https://github.com/petgraph/fixedbitset
371,konst_macro_rules,https://github.com/rodrimati1992/konst/
372,konst,https://github.com/rodrimati1992/konst/
373,anstyle-query,https://github.com/rust-cli/anstyle.git
374,colorchoice,https://github.com/rust-cli/anstyle.git
375,arbitrary,https://github.com/rust-fuzz/arbitrary/
376,rustc-hash,https://github.com/rust-lang/rustc-hash
377,httparse,https://github.com/seanmonstar/httparse
378,num_cpus,https://github.com/seanmonstar/num_cpus
379,async-signal,https://github.com/smol-rs/async-signal
380,atomic-waker,https://github.com/smol-rs/atomic-waker
381,crc32fast,https://github.com/srijs/rust-crc32fast
382,quick-protobuf,https://github.com/tafia/quick-protobuf
383,wasmtimer,https://github.com/whizsid/wasmtimer-rs
384,unwrap_none,https://github.com/demindiro/unwrap_none
385,memmap2,https://github.com/razrfalcon/memmap2-rs
386,android-tzdata,https://github.com/rumovz/android-tzdata
387,nonzero_ext,https://github.com/antifuchs/nonzero_ext
388,tinytemplate,https://github.com/bheisler/tinytemplate
389,criterion-plot,https://github.com/bheisler/criterion.rs
390,bimap,https://github.com/billyrieger/bimap-rs/
391,serde_path_to_error,https://github.com/dtolnay/path-to-error
392,unicode-ident,https://github.com/dtolnay/unicode-ident
393,cpp_demangle,https://github.com/gimli-rs/cpp_demangle
394,which,https://github.com/harryfei/which-rs.git
395,num_enum_derive,https://github.com/illicitonion/num_enum
396,num_enum,https://github.com/illicitonion/num_enum
397,r2d2_sqlite,https://github.com/ivanceras/r2d2-sqlite
398,aquamarine,https://github.com/mersinvald/aquamarine
399,getrandom,https://github.com/rust-random/getrandom
400,openssl-sys,https://github.com/sfackler/rust-openssl
401,openssl,https://github.com/sfackler/rust-openssl
402,ethereum_hashing,https://github.com/sigp/ethereum_hashing
403,async-channel,https://github.com/smol-rs/async-channel
404,async-process,https://github.com/smol-rs/async-process
405,schannel,https://github.com/steffengy/schannel-rs
406,async-stream-impl,https://github.com/tokio-rs/async-stream
407,async-stream,https://github.com/tokio-rs/async-stream
408,encode_unicode,https://github.com/tormol/encode_unicode
409,test-fuzz-internal,https://github.com/trailofbits/test-fuzz
410,test-fuzz-runtime,https://github.com/trailofbits/test-fuzz
411,test-fuzz,https://github.com/trailofbits/test-fuzz
412,test-fuzz-macro,https://github.com/trailofbits/test-fuzz
413,levenshtein,https://github.com/wooorm/levenshtein-rs
414,sysinfo,https://github.com/guillaumegomez/sysinfo
415,ctr,https://github.com/rustcrypto/block-modes
416,proc-macro-crate,https://github.com/bkchr/proc-macro-crate
417,crossterm,https://github.com/crossterm-rs/crossterm
418,basic-cookies,https://github.com/drjokepu/basic-cookies
419,unsafe-libyaml,https://github.com/dtolnay/unsafe-libyaml
420,terminal_size,https://github.com/eminence/terminal-size
421,inotify-sys,https://github.com/hannobraun/inotify-sys
422,darwin-libproc,https://github.com/heim-rs/darwin-libproc
423,darwin-libproc-sys,https://github.com/heim-rs/darwin-libproc
424,interprocess,https://github.com/kotauskas/interprocess
425,blake2b_simd,https://github.com/oconnor663/blake2_simd
426,cargo_metadata,https://github.com/oli-obk/cargo_metadata
427,exit-future,https://github.com/paritytech/exit-future
428,regress,https://github.com/ridiculousfish/regress
429,foreign-types,https://github.com/sfackler/foreign-types
430,foreign-types-shared,https://github.com/sfackler/foreign-types
431,tokio-postgres,https://github.com/sfackler/rust-postgres
432,postgres-protocol,https://github.com/sfackler/rust-postgres
433,postgres-types,https://github.com/sfackler/rust-postgres
434,async-executor,https://github.com/smol-rs/async-executor
435,event-listener,https://github.com/smol-rs/event-listener
436,thread_local,https://github.com/amanieu/thread_local-rs
437,asn1_der,https://github.com/kizzycode/asn1_der-rust
438,fast-float,https://github.com/aldanor/fast-float-rust
439,httpmock,https://github.com/alexliesenfeld/httpmock
440,auto_impl,https://github.com/auto-impl-rs/auto_impl/
441,rustix,https://github.com/bytecodealliance/rustix
442,constant_time_eq,https://github.com/cesarb/constant_time_eq
443,precomputed-hash,https://github.com/emilio/precomputed-hash
444,parse-display,https://github.com/frozenlib/parse-display
445,parse-display-derive,https://github.com/frozenlib/parse-display
446,serde_html_form,https://github.com/jplatte/serde_html_form
447,errno,https://github.com/lambda-fairy/rust-errno
448,derivative,https://github.com/mcarton/rust-derivative
449,libloading,https://github.com/nagisa/rust_libloading/
450,libsecp256k1-gen-genmult,https://github.com/paritytech/libsecp256k1
451,libsecp256k1,https://github.com/paritytech/libsecp256k1
452,libsecp256k1-gen-ecmult,https://github.com/paritytech/libsecp256k1
453,libsecp256k1-core,https://github.com/paritytech/libsecp256k1
454,bit_field,https://github.com/phil-opp/rust-bit-field
455,instability,https://github.com/ratatui-org/instability
456,metrics-derive,https://github.com/rkrasiuk/metrics-derive
457,pkg-config,https://github.com/rust-lang/pkg-config-rs
458,psutil,https://github.com/rust-psutil/rust-psutil
459,widestring,https://github.com/starkat99/widestring-rs
460,iana-time-zone-haiku,https://github.com/strawlab/iana-time-zone
461,iana-time-zone,https://github.com/strawlab/iana-time-zone
462,is-terminal,https://github.com/sunfishcode/is-terminal
463,portable-atomic,https://github.com/taiki-e/portable-atomic
464,roaring,https://github.com/roaringbitmap/roaring-rs
465,aes,https://github.com/rustcrypto/block-ciphers
466,crypto-bigint,https://github.com/rustcrypto/crypto-bigint
467,crc-catalog,https://github.com/akhilles/crc-catalog.git
468,futures-ticker,https://github.com/antifuchs/futures-ticker
469,enum-as-inner,https://github.com/bluejekyll/enum-as-inner
470,wasi,https://github.com/bytecodealliance/wasi-rs
471,nohash-hasher,https://github.com/paritytech/nohash-hasher
472,keccak-hash,https://github.com/paritytech/parity-common
473,triehash,https://github.com/paritytech/parity-common
474,rlp,https://github.com/paritytech/parity-common
475,bech32,https://github.com/rust-bitcoin/rust-bech32
476,itertools,https://github.com/rust-itertools/itertools
477,native-tls,https://github.com/sfackler/rust-native-tls
478,stringprep,https://github.com/sfackler/rust-stringprep
479,concurrent-queue,https://github.com/smol-rs/concurrent-queue
480,io-lifetimes,https://github.com/sunfishcode/io-lifetimes
481,pin-project-lite,https://github.com/taiki-e/pin-project-lite
482,wasix,https://github.com/wasix-org/wasix-abi-rust
483,kv-log-macro,https://github.com/yoshuawuyts/kv-log-macro
484,field-offset,https://github.com/diggsey/rust-field-offset
485,hash_hasher,https://github.com/fraser999/hash-hasher.git
486,salsa20,https://github.com/rustcrypto/stream-ciphers
487,chacha20,https://github.com/rustcrypto/stream-ciphers
488,generic-array,https://github.com/fizyk20/generic-array.git
489,adler,https://github.com/jonas-schievink/adler.git
490,similar-asserts,https://github.com/mitsuhiko/similar-asserts
491,async_io_stream,https://github.com/najamelan/async_io_stream
492,modular-bitfield-impl,https://github.com/robbepop/modular-bitfield
493,modular-bitfield,https://github.com/robbepop/modular-bitfield
494,tokio-io-timeout,https://github.com/sfackler/tokio-io-timeout
495,ethereum_serde_utils,https://github.com/sigp/ethereum_serde_utils
496,linux-raw-sys,https://github.com/sunfishcode/linux-raw-sys
497,base64,https://github.com/marshallpierce/rust-base64
498,unsigned-varint,https://github.com/paritytech/unsigned-varint
499,route-recognizer,https://github.com/rustasync/route-recognizer
500,minimal-lexical,https://github.com/alexhuszagh/minimal-lexical
501,include_dir_macros,https://github.com/michael-f-bryan/include_dir
502,include_dir,https://github.com/michael-f-bryan/include_dir
503,async-compression,https://github.com/nullus157/async-compression
504,polyval,https://github.com/rustcrypto/universal-hashes
505,ghash,https://github.com/rustcrypto/universal-hashes
506,poly1305,https://github.com/rustcrypto/universal-hashes
507,version_check,https://github.com/sergiobenitez/version_check
508,rle-decode-fast,https://github.com/wanzenbug/rle-decode-helper
509,openssl-src,https://github.com/alexcrichton/openssl-src-rs
510,linked_hash_set,https://github.com/alexheretic/linked-hash-set
511,impl-trait-for-tuples,https://github.com/bkchr/impl-trait-for-tuples
512,integer-sqrt,https://github.com/derekdreery/integer-sqrt-rs
513,multiaddr,https://github.com/multiformats/rust-multiaddr
514,multihash,https://github.com/multiformats/rust-multihash
515,pin-utils,https://github.com/rust-lang-nursery/pin-utils
516,proc-macro-error2,https://github.com/gnomeddev/proc-macro-error-2
517,proc-macro-error-attr2,https://github.com/gnomeddev/proc-macro-error-2
518,wasm-streams,https://github.com/mattiasbuelens/wasm-streams/
519,byte-slice-cast,https://github.com/sdroege/bytes-num-slice-cast
520,crossterm_winapi,https://github.com/crossterm-rs/crossterm-winapi
521,humantime-serde,https://github.com/jean-airoldie/humantime-serde
522,parity-scale-codec-derive,https://github.com/paritytech/parity-scale-codec
523,parity-scale-codec,https://github.com/paritytech/parity-scale-codec
524,error-chain,https://github.com/rust-lang-nursery/error-chain
525,matches,https://github.com/simonsapin/rust-std-candidates
526,metrics-process,https://github.com/lambdalisue/rs-metrics-process
527,critical-section,https://github.com/rust-embedded/critical-section
528,scheduled-thread-pool,https://github.com/sfackler/scheduled-thread-pool
529,stable_deref_trait,https://github.com/storyyeller/stable_deref_trait
530,libproc,https://github.com/andrewdavidmackenzie/libproc-rs
531,ppv-lite86,https://github.com/cryptocorrosion/cryptocorrosion
532,new_debug_unreachable,https://github.com/mbrubeck/rust-debug-unreachable
533,system-configuration-sys,https://github.com/mullvad/system-configuration-rs
534,system-configuration,https://github.com/mullvad/system-configuration-rs
535,rustls-platform-verifier-android,https://github.com/rustls/rustls-platform-verifier
536,rustls-platform-verifier,https://github.com/rustls/rustls-platform-verifier
537,fallible-iterator,https://github.com/sfackler/rust-fallible-iterator
538,event-listener-strategy,https://github.com/smol-rs/event-listener-strategy
539,async-object-pool,https://github.com/alexliesenfeld/async-object-pool
540,testing_logger,https://github.com/brucechapman/rust_testing_logger
541,is_terminal_polyfill,https://github.com/polyfill-rs/is_terminal_polyfill
542,lazy_static,https://github.com/rust-lang-nursery/lazy-static.rs
543,testcontainers,https://github.com/testcontainers/testcontainers-rs
544,dirs-sys-next,https://github.com/xdg-rs/dirs/tree/master/dirs-sys
545,drain_filter_polyfill,https://github.com/whentze/drain_filter_polyfill.git
546,const_format,https://github.com/rodrimati1992/const_format_crates/
547,const_format_proc_macros,https://github.com/rodrimati1992/const_format_crates/
548,sdd,https://github.com/wvwwvwwv/scalable-delayed-dealloc/
549,git-version,https://github.com/fusion-engineering/rust-git-version
550,git-version-macro,https://github.com/fusion-engineering/rust-git-version
551,futures-bounded,https://github.com/thomaseizinger/rust-futures-bounded
552,zeroize,https://github.com/rustcrypto/utils/tree/master/zeroize
553,fallible-streaming-iterator,https://github.com/sfackler/fallible-streaming-iterator
554,keccak,https://github.com/rustcrypto/sponges/tree/master/keccak
555,base16ct,https://github.com/rustcrypto/formats/tree/master/base16ct
556,base64ct,https://github.com/rustcrypto/formats/tree/master/base64ct
557,regex-syntax,https://github.com/rust-lang/regex/tree/master/regex-syntax
558,scc,https://github.com/wvwwvwwv/scalable-concurrent-containers/
559,regex-automata,https://github.com/rust-lang/regex/tree/master/regex-automata
560,zeroize_derive,https://github.com/rustcrypto/utils/tree/master/zeroize/derive
561,rc-box,https://github.com/cad97/pointer-utils/tree/master/crates/rc-box
562,fsevent-sys,https://github.com/octplane/fsevent-rust/tree/master/fsevent-sys
563,pretty_assertions,https://github.com/rust-pretty-assertions/rust-pretty-assertions
564,erasable,https://github.com/cad97/pointer-utils/tree/master/crates/erasable
565,custom_derive,https://github.com/danielkeep/rust-custom-derive/tree/custom_derive-master
566,uint,https://github.com/paritytech/parity-common
567,async-std,https://github.com/async-rs/async-std
568,hyper,https://github.com/hyperium/hyper
569,headers-core,https://github.com/hyperium/headers
570,headers,https://github.com/hyperium/headers
571,hyper-tls,https://github.com/hyperium/hyper-tls
572,hyper-util,https://github.com/hyperium/hyper-util
573,pest,https://github.com/pest-parser/pest
574,serde_derive,https://github.com/serde-rs/serde
575,serde,https://github.com/serde-rs/serde
576,tokio-native-tls,https://github.com/tokio-rs/tls
577,tokio-stream,https://github.com/tokio-rs/tokio
578,tokio-macros,https://github.com/tokio-rs/tokio
579,tokio,https://github.com/tokio-rs/tokio
580,tokio-util,https://github.com/tokio-rs/tokio
581,tracing,https://github.com/tokio-rs/tracing
582,tracing-serde,https://github.com/tokio-rs/tracing
583,tracing-log,https://github.com/tokio-rs/tracing
584,tracing-journald,https://github.com/tokio-rs/tracing
585,tracing-appender,https://github.com/tokio-rs/tracing
586,tracing-core,https://github.com/tokio-rs/tracing
587,tracing-futures,https://github.com/tokio-rs/tracing
588,tracing-subscriber,https://github.com/tokio-rs/tracing
589,tracing-attributes,https://github.com/tokio-rs/tracing
590,subtle,https://github.com/dalek-cryptography/subtle
591,diesel,https://github.com/diesel-rs/diesel
592,diesel_migrations,https://github.com/diesel-rs/diesel
593,migrations_internals,https://github.com/diesel-rs/diesel
594,migrations_macros,https://github.com/diesel-rs/diesel
595,diesel_derives,https://github.com/diesel-rs/diesel/
596,diesel_table_macro_syntax,https://github.com/diesel-rs/diesel/
597,ratatui,https://github.com/ratatui/ratatui
598,debugid,https://github.com/getsentry/rust-debugid
599,ark-std,https://github.com/arkworks-rs/std
600,ark-serialize,https://github.com/arkworks-rs/algebra
601,ark-ff-asm,https://github.com/arkworks-rs/algebra
602,ark-ff,https://github.com/arkworks-rs/algebra
603,ark-ff-macros,https://github.com/arkworks-rs/algebra
604,platforms,https://github.com/rustsec/rustsec
605,im,https://github.com/bodil/im-rs
606,redb,https://github.com/cberner/redb
607,trust-dns-resolver,https://github.com/bluejekyll/trust-dns
608,trust-dns-proto,https://github.com/bluejekyll/trust-dns
609,jsonrpsee-proc-macros,https://github.com/paritytech/jsonrpsee
610,jsonrpsee-wasm-client,https://github.com/paritytech/jsonrpsee
611,jsonrpsee-http-client,https://github.com/paritytech/jsonrpsee
612,jsonrpsee-types,https://github.com/paritytech/jsonrpsee
613,jsonrpsee-core,https://github.com/paritytech/jsonrpsee
614,jsonrpsee-client-transport,https://github.com/paritytech/jsonrpsee
615,jsonrpsee-ws-client,https://github.com/paritytech/jsonrpsee
616,jsonrpsee-server,https://github.com/paritytech/jsonrpsee
617,jsonrpsee,https://github.com/paritytech/jsonrpsee
618,scale-info-derive,https://github.com/paritytech/scale-info
619,scale-info,https://github.com/paritytech/scale-info
620,write16,https://github.com/hsivonen/write16
621,hickory-resolver,https://github.com/hickory-dns/hickory-dns
622,hickory-proto,https://github.com/hickory-dns/hickory-dns
623,siphasher,https://github.com/jedisct1/rust-siphash
624,icu_provider_macros,https://github.com/unicode-org/icu4x
625,icu_normalizer_data,https://github.com/unicode-org/icu4x
626,icu_properties_data,https://github.com/unicode-org/icu4x
627,icu_normalizer,https://github.com/unicode-org/icu4x
628,icu_locid_transform_data,https://github.com/unicode-org/icu4x
629,icu_locid_transform,https://github.com/unicode-org/icu4x
630,icu_properties,https://github.com/unicode-org/icu4x
631,icu_locid,https://github.com/unicode-org/icu4x
632,icu_provider,https://github.com/unicode-org/icu4x
633,icu_collections,https://github.com/unicode-org/icu4x
634,rgb,https://github.com/kornelski/rust-rgb
635,time,https://github.com/time-rs/time
636,utf8_iter,https://github.com/hsivonen/utf8_iter
637,utf16_iter,https://github.com/hsivonen/utf16_iter
638,wasm-bindgen,https://github.com/rustwasm/wasm-bindgen
639,encoding_rs,https://github.com/hsivonen/encoding_rs
640,sync_wrapper,https://github.com/actyx/sync_wrapper
641,xml-rs,https://github.com/kornelski/xml-rs
642,rpds,https://github.com/orium/rpds
643,ruint-macro,https://github.com/recmo/uint
644,ruint,https://github.com/recmo/uint
645,plotters-backend,https://github.com/plotters-rs/plotters
646,plotters-svg,https://github.com/plotters-rs/plotters.git
647,tap,https://github.com/myrrlyn/tap
648,ff,https://github.com/zkcrypto/ff
649,wyz,https://github.com/myrrlyn/wyz
650,plotters,https://github.com/plotters-rs/plotters
651,infer,https://github.com/bojand/infer
652,snow,https://github.com/mcginty/snow
653,num,https://github.com/rust-num/num
654,slog-json,https://github.com/slog-rs/json
655,slog,https://github.com/slog-rs/slog
656,slog-term,https://github.com/slog-rs/term
657,slog-async,https://github.com/slog-rs/async
658,slog-scope,https://github.com/slog-rs/scope
659,slog-kvfilter,https://github.com/slog-rs/kvfilter
660,mio,https://github.com/tokio-rs/mio
661,serde_spanned,https://github.com/toml-rs/toml
662,toml_datetime,https://github.com/toml-rs/toml
663,toml,https://github.com/toml-rs/toml
664,uuid,https://github.com/uuid-rs/uuid
665,take_mut,https://github.com/sgeo/take_mut
666,alloy-eip7702,https://github.com/alloy-rs/eips
667,alloy-eip2930,https://github.com/alloy-rs/eips
668,alloy-trie,https://github.com/alloy-rs/trie
669,raw-cpuid,https://github.com/gz/rust-cpuid
670,archery,https://github.com/orium/archery
671,substrate-bn,https://github.com/paritytech/bn
672,ena,https://github.com/rust-lang/ena
673,rustls,https://github.com/rustls/rustls
674,sct,https://github.com/rustls/sct.rs
675,gloo-utils,https://github.com/rustwasm/gloo/tree/master/crates/utils
676,gloo-timers,https://github.com/rustwasm/gloo/tree/master/crates/timers
677,libflate,https://github.com/sile/libflate
678,libflate_lz77,https://github.com/sile/libflate
679,sloggers,https://github.com/sile/sloggers
680,leveldb,https://github.com/skade/leveldb
681,axum,https://github.com/tokio-rs/axum
682,axum-core,https://github.com/tokio-rs/axum
683,axum-extra,https://github.com/tokio-rs/axum
684,loom,https://github.com/tokio-rs/loom
685,term,https://github.com/stebalien/term
686,alloy-transport-ipc,https://github.com/alloy-rs/alloy
687,alloy-rpc-client,https://github.com/alloy-rs/alloy
688,alloy-signer,https://github.com/alloy-rs/alloy
689,alloy-rpc-types-mev,https://github.com/alloy-rs/alloy
690,alloy-rpc-types-debug,https://github.com/alloy-rs/alloy
691,alloy-genesis,https://github.com/alloy-rs/alloy
692,alloy-rpc-types-admin,https://github.com/alloy-rs/alloy
693,alloy-network-primitives,https://github.com/alloy-rs/alloy
694,alloy-node-bindings,https://github.com/alloy-rs/alloy
695,alloy-signer-local,https://github.com/alloy-rs/alloy
696,alloy-rpc-types-trace,https://github.com/alloy-rs/alloy
697,alloy-provider,https://github.com/alloy-rs/alloy
698,alloy-rpc-types-beacon,https://github.com/alloy-rs/alloy
699,alloy-contract,https://github.com/alloy-rs/alloy
700,alloy-serde,https://github.com/alloy-rs/alloy
701,alloy-rpc-types,https://github.com/alloy-rs/alloy
702,alloy-pubsub,https://github.com/alloy-rs/alloy
703,alloy-rpc-types-engine,https://github.com/alloy-rs/alloy
704,alloy-transport-ws,https://github.com/alloy-rs/alloy
705,alloy-rpc-types-anvil,https://github.com/alloy-rs/alloy
706,alloy-json-rpc,https://github.com/alloy-rs/alloy
707,alloy-transport-http,https://github.com/alloy-rs/alloy
708,alloy-rpc-types-txpool,https://github.com/alloy-rs/alloy
709,alloy-eips,https://github.com/alloy-rs/alloy
710,alloy-network,https://github.com/alloy-rs/alloy
711,alloy-transport,https://github.com/alloy-rs/alloy
712,alloy-rpc-types-eth,https://github.com/alloy-rs/alloy
713,alloy-consensus,https://github.com/alloy-rs/alloy
714,ciborium-ll,https://github.com/enarx/ciborium
715,ciborium-io,https://github.com/enarx/ciborium
716,ciborium,https://github.com/enarx/ciborium
717,matchers,https://github.com/hawkw/matchers
718,tonic,https://github.com/hyperium/tonic
719,tonic-build,https://github.com/hyperium/tonic
720,glob,https://github.com/rust-lang/glob
721,libc,https://github.com/rust-lang/libc
722,rustls-pemfile,https://github.com/rustls/pemfile
723,trackable,https://github.com/sile/trackable
724,slog-stdlog,https://github.com/slog-rs/stdlog
725,option-ext,https://github.com/soc/option-ext.git
726,atty,https://github.com/softprops/atty
727,coins-bip32,https://github.com/summa-tx/coins
728,coins-core,https://github.com/summa-tx/coins
729,coins-bip39,https://github.com/summa-tx/coins
730,tower-layer,https://github.com/tower-rs/tower
731,tower,https://github.com/tower-rs/tower
732,tower-service,https://github.com/tower-rs/tower
733,indenter,https://github.com/yaahc/indenter
734,group,https://github.com/zkcrypto/group
735,debug-helper,https://github.com/magiclen/debug-helper
736,bstr,https://github.com/burntsushi/bstr
737,base-x,https://github.com/orkon/base-x-rs
738,alloy-chains,https://github.com/alloy-rs/chains
739,thin-vec,https://github.com/gankra/thin-vec
740,schnellru,https://github.com/koute/schnellru
741,lmdb-rkv-sys,https://github.com/mozilla/lmdb-rs.git
742,lmdb-rkv,https://github.com/mozilla/lmdb-rs.git
743,hash256-std-hasher,https://github.com/paritytech/trie
744,lz4_flex,https://github.com/pseitz/lz4_flex
745,yasna,https://github.com/qnighy/yasna.rs
746,cargo-platform,https://github.com/rust-lang/cargo
747,cc,https://github.com/rust-lang/cc-rs
748,regex,https://github.com/rust-lang/regex
749,attohttpc,https://github.com/sbstp/attohttpc
750,parking,https://github.com/smol-rs/parking
751,rand,https://github.com/rust-random/rand
752,rand_core,https://github.com/rust-random/rand
753,rand_chacha,https://github.com/rust-random/rand
754,rand_xorshift,https://github.com/rust-random/rngs
755,rand_xoshiro,https://github.com/rust-random/rngs
756,rand_hc,https://github.com/rust-random/rngs
757,visibility,https://github.com/danielhenrymantilla/visibility.rs
758,radium,https://github.com/ferrilab/ferrilab
759,funty,https://github.com/ferrilab/ferrilab
760,hkdf,https://github.com/rustcrypto/kdfs/
761,concat-kdf,https://github.com/rustcrypto/kdfs/
762,nybbles,https://github.com/alloy-rs/nybbles
763,rustc-hex,https://github.com/debris/rustc-hex
764,match_cfg,https://github.com/gnzlbg/match_cfg
765,notify,https://github.com/notify-rs/notify.git
766,mediatype,https://github.com/picohz/mediatype
767,anstyle-parse,https://github.com/rust-cli/anstyle.git
768,anstyle,https://github.com/rust-cli/anstyle.git
769,anstyle-wincon,https://github.com/rust-cli/anstyle.git
770,anstream,https://github.com/rust-cli/anstyle.git
771,rustls-pki-types,https://github.com/rustls/pki-types
772,waker-fn,https://github.com/smol-rs/waker-fn
773,dashmap,https://github.com/xacrimon/dashmap
774,displaydoc,https://github.com/yaahc/displaydoc
775,bitvec,https://github.com/bitvecto-rs/bitvec
776,memchr,https://github.com/burntsushi/memchr
777,ctrlc,https://github.com/detegr/rust-ctrlc.git
778,strum_macros,https://github.com/peternator7/strum
779,strum,https://github.com/peternator7/strum
780,op-alloy-rpc-types-engine,https://github.com/alloy-rs/op-alloy
781,op-alloy-consensus,https://github.com/alloy-rs/op-alloy
782,op-alloy-rpc-types,https://github.com/alloy-rs/op-alloy
783,op-alloy-genesis,https://github.com/alloy-rs/op-alloy
784,op-alloy-network,https://github.com/alloy-rs/op-alloy
785,op-alloy-protocol,https://github.com/alloy-rs/op-alloy
786,bitflags,https://github.com/bitflags/bitflags
787,chrono,https://github.com/chronotope/chrono
788,ethers-providers,https://github.com/gakonst/ethers-rs
789,ethers-contract-derive,https://github.com/gakonst/ethers-rs
790,ethers-contract-abigen,https://github.com/gakonst/ethers-rs
791,ethers-contract,https://github.com/gakonst/ethers-rs
792,ethers-core,https://github.com/gakonst/ethers-rs
793,bytesize,https://github.com/hyunsik/bytesize/
794,lru,https://github.com/jeromefroe/lru-rs.git
795,quanta,https://github.com/metrics-rs/quanta
796,fragile,https://github.com/mitsuhiko/fragile
797,termtree,https://github.com/rust-cli/termtree
798,socket2,https://github.com/rust-lang/socket2
799,num-iter,https://github.com/rust-num/num-iter
800,asn1-rs-impl,https://github.com/rusticata/asn1-rs.git
801,asn1-rs-derive,https://github.com/rusticata/asn1-rs.git
802,asn1-rs,https://github.com/rusticata/asn1-rs.git
803,vergen,https://github.com/rustyhorde/vergen
804,jemalloc-ctl,https://github.com/tikv/jemallocator
805,tikv-jemalloc-ctl,https://github.com/tikv/jemallocator
806,tikv-jemalloc-sys,https://github.com/tikv/jemallocator
807,jemalloc-sys,https://github.com/tikv/jemallocator
808,tikv-jemallocator,https://github.com/tikv/jemallocator
809,jemallocator,https://github.com/tikv/jemallocator
810,hashers,https://github.com/tmmcguire/hashers
811,fs_extra,https://github.com/webdesus/fs_extra
812,walkdir,https://github.com/burntsushi/walkdir
813,jsonwebtoken,https://github.com/keats/jsonwebtoken
814,num-format,https://github.com/bcmyers/num-format
815,console,https://github.com/console-rs/console
816,bit-set,https://github.com/contain-rs/bit-set
817,bit-vec,https://github.com/contain-rs/bit-vec
818,vec_map,https://github.com/contain-rs/vec-map
819,igd-next,https://github.com/dariusc93/rust-igd
820,tiny-keccak,https://github.com/debris/tiny-keccak
821,symbolic-demangle,https://github.com/getsentry/symbolic
822,symbolic-common,https://github.com/getsentry/symbolic
823,sharded-slab,https://github.com/hawkw/sharded-slab
824,metrics,https://github.com/metrics-rs/metrics
825,metrics-util,https://github.com/metrics-rs/metrics
826,metrics-exporter-prometheus,https://github.com/metrics-rs/metrics
827,jsonrpc-core,https://github.com/paritytech/jsonrpc
828,cmake,https://github.com/rust-lang/cmake-rs
829,humantime,https://github.com/tailhook/humantime
830,web3,https://github.com/tomusdrw/rust-web3
831,mdbx-sys,https://github.com/vorot93/libmdbx-rs
832,libmdbx,https://github.com/vorot93/libmdbx-rs
833,quick-error,http://github.com/tailhook/quick-error
834,resolv-conf,http://github.com/tailhook/resolv-conf
835,csv,https://github.com/burntsushi/rust-csv
836,csv-core,https://github.com/burntsushi/rust-csv
837,page_size,https://github.com/elzair/page_size_rs
838,cfg-if,https://github.com/alexcrichton/cfg-if
839,const-hex,https://github.com/danipopes/const-hex
840,brotli,https://github.com/dropbox/rust-brotli
841,fiat-crypto,https://github.com/mit-plv/fiat-crypto
842,comfy-table,https://github.com/nukesor/comfy-table
843,strsim,https://github.com/rapidfuzz/strsim-rs
844,flate2,https://github.com/rust-lang/flate2-rs
845,num-bigint,https://github.com/rust-num/num-bigint
846,num-traits,https://github.com/rust-num/num-traits
847,hyper-rustls,https://github.com/rustls/hyper-rustls
848,tokio-rustls,https://github.com/rustls/tokio-rustls
849,webpki-roots,https://github.com/rustls/webpki-roots
850,tower-http,https://github.com/tower-rs/tower-http
851,futures-channel,https://github.com/rust-lang/futures-rs
852,futures-sink,https://github.com/rust-lang/futures-rs
853,futures-util,https://github.com/rust-lang/futures-rs
854,futures-core,https://github.com/rust-lang/futures-rs
855,futures-task,https://github.com/rust-lang/futures-rs
856,futures-executor,https://github.com/rust-lang/futures-rs
857,futures-io,https://github.com/rust-lang/futures-rs
858,futures,https://github.com/rust-lang/futures-rs
859,futures-macro,https://github.com/rust-lang/futures-rs
860,web3-async-native-tls,https://github.com/async-email/async-native-tls
861,byteorder,https://github.com/burntsushi/byteorder
862,same-file,https://github.com/burntsushi/same-file
863,termcolor,https://github.com/burntsushi/termcolor
864,lru-cache,https://github.com/contain-rs/lru-cache
865,keccak-asm,https://github.com/danipopes/keccak-asm
866,ipconfig,https://github.com/liranringel/ipconfig
867,ethabi,https://github.com/rust-ethereum/ethabi
868,num-complex,https://github.com/rust-num/num-complex
869,num-integer,https://github.com/rust-num/num-integer
870,der-parser,https://github.com/rusticata/der-parser.git
871,try-lock,https://github.com/seanmonstar/try-lock
872,futures-lite,https://github.com/smol-rs/futures-lite
873,serde_regex,https://github.com/tailhook/serde-regex
874,prometheus,https://github.com/tikv/rust-prometheus
875,unicode-truncate,https://github.com/aetf/unicode-truncate
876,build-time,https://github.com/alephalpha/build-time
877,quickcheck_macros,https://github.com/burntsushi/quickcheck
878,quickcheck,https://github.com/burntsushi/quickcheck
879,compact_str,https://github.com/parkmycar/compact_str
880,bzip2-sys,https://github.com/alexcrichton/bzip2-rs
881,bzip2,https://github.com/alexcrichton/bzip2-rs
882,filetime,https://github.com/alexcrichton/filetime
883,cassowary,https://github.com/dylanede/cassowary-rs
884,target_info,https://github.com/gavofyork/target_info
885,pem,https://github.com/jcreekmore/pem-rs.git
886,num-rational,https://github.com/rust-num/num-rational
887,x509-parser,https://github.com/rusticata/x509-parser.git
888,trackable_derive,https://github.com/sile/trackable_derive
889,security-framework,https://github.com/kornelski/rust-security-framework
890,wasm-bindgen-macro,https://github.com/rustwasm/wasm-bindgen/tree/master/crates/macro
891,js-sys,https://github.com/rustwasm/wasm-bindgen/tree/master/crates/js-sys
892,wasm-bindgen-shared,https://github.com/rustwasm/wasm-bindgen/tree/master/crates/shared
893,wasm-bindgen-backend,https://github.com/rustwasm/wasm-bindgen/tree/master/crates/backend
894,wasm-bindgen-futures,https://github.com/rustwasm/wasm-bindgen/tree/master/crates/futures
895,wasm-bindgen-macro-support,https://github.com/rustwasm/wasm-bindgen/tree/master/crates/macro-support
896,snap,https://github.com/burntsushi/rust-snappy
897,winapi-util,https://github.com/burntsushi/winapi-util
898,arraydeque,https://github.com/andylokandy/arraydeque
899,futures-timer,https://github.com/async-rs/futures-timer
900,assert_matches,https://github.com/murarth/assert_matches
901,prometheus-client-derive-encode,https://github.com/prometheus/client_rust
902,prometheus-client,https://github.com/prometheus/client_rust
903,backtrace,https://github.com/rust-lang/backtrace-rs
904,jobserver,https://github.com/rust-lang/jobserver-rs
905,rtnetlink,https://github.com/rust-netlink/rtnetlink
906,oid-registry,https://github.com/rusticata/oid-registry.git
907,unicode-xid,https://github.com/unicode-rs/unicode-xid
908,diff,https://github.com/utkarshkukreti/diff.rs
909,bindgen,https://github.com/rust-lang/rust-bindgen
910,windows-acl,https://github.com/trailofbits/windows-acl
911,rolling-file,https://github.com/axcient/rolling-file-rs
912,aho-corasick,https://github.com/burntsushi/aho-corasick
913,ucd-trie,https://github.com/burntsushi/ucd-generate
914,scoped-tls,https://github.com/alexcrichton/scoped-tls
915,predicates,https://github.com/assert-rs/predicates-rs
916,ct-codecs,https://github.com/jedisct1/rust-ct-codecs
917,hmac-sha1-compact,https://github.com/jedisct1/rust-hmac-sha1
918,tiny-bip39,https://github.com/maciejhirsz/tiny-bip39/
919,futures-rustls,https://github.com/quininer/futures-rustls
920,tungstenite,https://github.com/snapview/tungstenite-rs
921,replace_with,https://github.com/alecmocatta/replace_with
922,coarsetime,https://github.com/jedisct1/rust-coarsetime
923,jwt-simple,https://github.com/jedisct1/rust-jwt-simple
924,cfg_aliases,https://github.com/katharostech/cfg_aliases
925,tracy-client-sys,https://github.com/nagisa/rust_tracy_client
926,tracy-client,https://github.com/nagisa/rust_tracy_client
927,ws_stream_wasm,https://github.com/najamelan/ws_stream_wasm
928,mev-share-sse,https://github.com/paradigmxyz/mev-share-rs
929,impl-serde,https://github.com/paritytech/parity-common
930,plain_hasher,https://github.com/paritytech/parity-common
931,impl-codec,https://github.com/paritytech/parity-common
932,impl-rlp,https://github.com/paritytech/parity-common
933,ethereum-types,https://github.com/paritytech/parity-common
934,fixed-hash,https://github.com/paritytech/parity-common
935,ethbloom,https://github.com/paritytech/parity-common
936,primitive-types,https://github.com/paritytech/parity-common
937,rustc-demangle,https://github.com/rust-lang/rustc-demangle
938,netlink-sys,https://github.com/rust-netlink/netlink-sys
939,core-foundation-sys,https://github.com/servo/core-foundation-rs
940,core-foundation,https://github.com/servo/core-foundation-rs
941,more-asserts,https://github.com/thomcc/rust-more-asserts
942,unicode-width,https://github.com/unicode-rs/unicode-width
943,tempfile,https://github.com/stebalien/tempfile
944,wait-timeout,https://github.com/alexcrichton/wait-timeout
945,async-attributes,https://github.com/async-rs/async-attributes
946,num-bigint-dig,https://github.com/dignifiedquire/num-bigint
947,hmac-sha256,https://github.com/jedisct1/rust-hmac-sha256
948,hmac-sha512,https://github.com/jedisct1/rust-hmac-sha512
949,superboring,https://github.com/jedisct1/rust-superboring
950,protobuf,https://github.com/stepancheg/rust-protobuf/
951,enum-iterator,https://github.com/stephaneyfx/enum-iterator.git
952,enum-iterator-derive,https://github.com/stephaneyfx/enum-iterator.git
953,allocator-api2,https://github.com/zakarumych/allocator-api2
954,security-framework-sys,https://github.com/kornelski/rust-security-framework
955,openssl-probe,https://github.com/alexcrichton/openssl-probe
956,rpassword,https://github.com/conradkleinespel/rpassword
957,linked-hash-map,https://github.com/contain-rs/linked-hash-map
958,asynchronous-codec,https://github.com/mxinden/asynchronous-codec
959,static_assertions,https://github.com/nvzqz/static-assertions-rs
960,netlink-proto,https://github.com/rust-netlink/netlink-proto
961,rusticata-macros,https://github.com/rusticata/rusticata-macros.git
962,rustls-native-certs,https://github.com/rustls/rustls-native-certs
963,tokio-tungstenite,https://github.com/snapview/tokio-tungstenite
964,semver-parser,https://github.com/steveklabnik/semver-parser
965,assert-json-diff,https://github.com/davidpdrsn/assert-json-diff.git
966,test-generator,https://github.com/frehberg/test-generator.git
967,iai-callgrind,https://github.com/iai-callgrind/iai-callgrind
968,iai-callgrind-runner,https://github.com/iai-callgrind/iai-callgrind
969,iai-callgrind-macros,https://github.com/iai-callgrind/iai-callgrind
970,multibase,https://github.com/multiformats/rust-multibase
971,revm-inspectors,https://github.com/paradigmxyz/revm-inspectors
972,boyer-moore-magiclen,https://github.com/magiclen/boyer-moore-magiclen
973,tracing-logfmt,https://github.com/embarkstudios/tracing-logfmt
974,aurora-engine-modexp,https://github.com/aurora-is-near/aurora-engine
975,futures-utils-wasm,https://github.com/danipopes/futures-utils-wasm
976,alloc-no-stdlib,https://github.com/dropbox/rust-alloc-no-stdlib
977,alloc-stdlib,https://github.com/dropbox/rust-alloc-no-stdlib
978,secp256k1-sys,https://github.com/rust-bitcoin/rust-secp256k1/
979,secp256k1,https://github.com/rust-bitcoin/rust-secp256k1/
980,async-global-executor,https://github.com/keruspe/async-global-executor
981,generator,https://github.com/xudong-huang/generator-rs.git
982,ed25519-compact,https://github.com/jedisct1/rust-ed25519-compact
983,unicode-properties,https://github.com/unicode-rs/unicode-properties
984,hdrhistogram,https://github.com/hdrhistogram/hdrhistogram_rust.git
985,http-range-header,https://github.com/marcusgrass/parse-range-headers
986,sketches-ddsketch,https://github.com/mheffner/rust-sketches-ddsketch
987,android_system_properties,https://github.com/nical/android_system_properties
988,threadpool,https://github.com/rust-threadpool/rust-threadpool
989,unicode-segmentation,https://github.com/unicode-rs/unicode-segmentation
990,brotli-decompressor,https://github.com/dropbox/rust-brotli-decompressor
991,netlink-packet-core,https://github.com/rust-netlink/netlink-packet-core
992,unicode-normalization,https://github.com/unicode-rs/unicode-normalization
993,alloy-rlp,https://github.com/alloy-rs/rlp
994,netlink-packet-route,https://github.com/rust-netlink/netlink-packet-route
995,netlink-packet-utils,https://github.com/rust-netlink/netlink-packet-utils
996,der,https://github.com/rustcrypto/formats
997,whoami,https://github.com/ardaku/whoami
998,sec1,https://github.com/rustcrypto/formats
999,spki,https://github.com/rustcrypto/formats
1000,curve25519-dalek-derive,https://github.com/dalek-cryptography/curve25519-dalek
1001,x25519-dalek,https://github.com/dalek-cryptography/curve25519-dalek/tree/main/x25519-dalek
1002,ed25519-dalek,https://github.com/dalek-cryptography/curve25519-dalek/tree/main/ed25519-dalek
1003,curve25519-dalek,https://github.com/dalek-cryptography/curve25519-dalek/tree/main/curve25519-dalek
1004,criterion,https://github.com/bheisler/criterion.rs
1005,pkcs1,https://github.com/rustcrypto/formats
1006,pkcs8,https://github.com/rustcrypto/formats
1007,alloy-dyn-abi,https://github.com/alloy-rs/core
1008,wasite,https://github.com/ardaku/wasite
1009,ecdsa,https://github.com/rustcrypto/signatures
1010,signature,https://github.com/rustcrypto/traits
1011,alloy-json-abi,https://github.com/alloy-rs/core
1012,proptest,https://github.com/proptest-rs/proptest
1013,web-sys,https://github.com/rustwasm/wasm-bindgen/tree/master/crates/web-sys
1014,const-oid,https://github.com/rustcrypto/formats
1015,alloy-sol-macro,https://github.com/alloy-rs/core
1016,alloy-sol-types,https://github.com/alloy-rs/core
1017,alloy-rlp-derive,https://github.com/alloy-rs/rlp
1018,ed25519,https://github.com/rustcrypto/signatures
1019,rfc6979,https://github.com/rustcrypto/signatures
1020,alloy-primitives,https://github.com/alloy-rs/core
1021,sha3-asm,https://github.com/danipopes/keccak-asm
1022,miniz_oxide,https://github.com/frommi/miniz_oxide/tree/master/miniz_oxide
1023,pem-rfc7468,https://github.com/rustcrypto/formats
1024,k256,https://github.com/rustcrypto/elliptic-curves
1025,p256,https://github.com/rustcrypto/elliptic-curves
1026,p384,https://github.com/rustcrypto/elliptic-curves
1027,password-hash,https://github.com/rustcrypto/traits
1028,syn-solidity,https://github.com/alloy-rs/core
1029,elliptic-curve,https://github.com/rustcrypto/traits
1030,chacha20poly1305,https://github.com/rustcrypto/aeads
1031,pbkdf2,https://github.com/rustcrypto/password-hashes
1032,scrypt,https://github.com/rustcrypto/password-hashes
1033,alloy-sol-macro-input,https://github.com/alloy-rs/core
1034,alloy-sol-type-parser,https://github.com/alloy-rs/core
1035,proptest-derive,https://github.com/proptest-rs/proptest
1036,predicates-core,https://github.com/assert-rs/predicates-rs/tree/master/crates/core
1037,predicates-tree,https://github.com/assert-rs/predicates-rs/tree/master/crates/tree
1038,primeorder,https://github.com/rustcrypto/elliptic-curves
1039,alloy-sol-macro-expander,https://github.com/alloy-rs/core
1040,crossbeam-deque,https://github.com/crossbeam-rs/crossbeam
1041,crossbeam-epoch,https://github.com/crossbeam-rs/crossbeam
1042,crossbeam-utils,https://github.com/crossbeam-rs/crossbeam
1043,crossbeam-channel,https://github.com/crossbeam-rs/crossbeam
1044,crossbeam-skiplist,https://github.com/crossbeam-rs/crossbeam
